Pertanyaan;Jawaban
Apa itu aktuaria? Mengapa perhitungan aktuaria tersebut dibutuhkan?;"Aktuaria adalah ilmu yang menggabungkan matematika, statistik, dan keuangan untuk mengelola risiko, terutama dalam imbalan kerja, asuransi, dan investasi jangka panjang. Perhitungan aktuaria digunakan untuk mengestimasi dan mencatat kewajiban perusahaan terkait manfaat karyawan, seperti pesangon dan pensiun, sesuai standar akuntansi seperti PSAK 219.

Hasil perhitungan aktuaria tidak wajib dilaporkan langsung ke OJK atau Dinas Ketenagakerjaan, kecuali bagi perusahaan di bawah regulasi tertentu seperti asuransi dan dana pensiun. Namun, bagi perusahaan yang diawasi OJK, laporan aktuaria sering menjadi bagian dari audit keuangan tahunan.

Untuk memastikan kepatuhan terhadap aturan ketenagakerjaan, perusahaan juga perlu merujuk pada PP No. 35 Tahun 2021, yang mengatur kompensasi bagi karyawan PKWT dan PKWTT. Meskipun laporan aktuaria tidak wajib diserahkan ke regulator, hasilnya sangat penting untuk audit, pengambilan keputusan keuangan, dan perencanaan dana imbalan kerja."
Siapa yg berhak atau boleh sesuai peraturan untuk menyusun dan membuat laporan aktuaria?;"Pihak yang berhak membuat laporan aktuaria, antara lain:

1. Aktuaris Publik 
Hanya aktuaris yang memiliki gelar FSAI (Fellow of the Society of Actuaries of Indonesia) dari Persatuan Aktuaris Indonesia (PAI) dan memperoleh sertifikasi Aktuaris Publik dari Kementerian Keuangan yang berhak menyusun dan menandatangani laporan aktuaria.
Untuk sektor Industri Keuangan Non-Bank (IKNB) seperti asuransi dan dana pensiun, penyusunan laporan aktuaria harus dilakukan oleh aktuaris publik yang juga memiliki Surat Tanda Terdaftar (STTD) dari Otoritas Jasa Keuangan (OJK) sesuai regulasi yang berlaku.

2. Kantor Konsultan Aktuaria (KKA) yang Terdaftar
Perusahaan yang membutuhkan laporan aktuaria, terutama untuk kepentingan audit PSAK 219 atau perhitungan kewajiban imbalan kerja, harus menggunakan jasa Kantor Konsultan Aktuaria (KKA) yang memiliki aktuaris publik dan terdaftar di Asosiasi Kantor Konsultan Aktuaria Indonesia (AKKAI)."
Bagaimana jika perusahaan belum memiliki peraturan perusahaan yang mencakup besaran imbalan kerja karyawan?;Apabila tidak ada PP, maka besaran imbalan mengacu ke undang-undang terbaru yang berlaku, seperti UU Cipta Kerja untuk saat ini.
Bagaimana jika realisasi yang dibayarkan berbeda dengan yang telah dicadangkan?;Realisasi dapat berpedoman pada undang-undang yang berlaku atau PP jika ada. Tidak masalah jika besaran yang dibayarkan berbeda dari yang dicadangkan karena akan terkoreksi pada laporan berikutnya.
Apa perbedaan PSAK 219 dan SAK ETAP?;"PSAK 219 digunakan oleh perusahaan yang wajib menyusun laporan keuangan untuk kepentingan publik, seperti perusahaan terbuka atau entitas yang berada di bawah pengawasan regulator. Sementara itu, SAK ETAP ditujukan untuk entitas kecil dan menengah yang tidak diwajibkan melaporkan laporan keuangannya ke publik.

Dalam SAK ETAP, perusahaan memiliki pilihan untuk mengakui keuntungan atau kerugian aktuaria:
• langsung diakui dalam laba rugi tahun berjalan, atau
• dicatat di penghasilan komprehensif lain (OCI).
Sedangkan dalam PSAK 219, keuntungan atau kerugian aktuaria hanya dapat diakui melalui OCI."
Apa perbedaan UUK dan UUCK?;"1. UUK (Undang-Undang Ketenagakerjaan No. 13 Tahun 2003):
  • Nilai Manfaat Pensiun Maksimal 32,2 x Gaji
  • Faktor Manfaat Imbalan Kerja lebih tinggi dari UUCK
  • Ada nilai Uang Penggantian Hak = 15% x (Pesangon+Penghargaan Masa Kerja)
  • Tidak ada perhitungan Kompensasi untuk Karyawan Kontrak/PKWT

2. UUCK (Undang-Undang Cipta Kerja No. 11 Tahun 2020 dan aturan turunannya, PP No. 35 Tahun 2021):
  • Nilai Manfaat Pensiun Maksimal 25,75 x Gaji
  • Faktor Manfaat Imbalan Kerja lebih rendah dari UUK
  • Tidak ada nilai Uang Penggantian Hak = 15% x (Pesangon+Penghargaan Masa Kerja)
  • Ada perhitungan Kompensasi untuk Karyawan Kontrak/PKWT

Hingga saat ini, kedua UU tersebut masih menjadi landasan pokok dalam perhitungan imbalan kerja sesuai PSAK 219. Perbedaan utama terletak pada besaran manfaat yang diberikan. "
Apa itu IFRIC? Perbedaannya dengan IAS?;"IFRIC (yang dulunya IFRS), adalah aturan yang memberikan panduan lebih rinci dalam mengalokasikan imbalan pasca kerja, seperti pensiun. Dengan aturan ini, cadangan pensiun mulai dihitung 24 tahun sebelum usia pensiun seperti yang dibahas dalam Bab 1.

Penerapan IFRIC mengurangi nilai kewajiban imbalan kerja dibandingkan sebelumnya, yang berdampak pada laporan keuangan perusahaan. Keuntungan dari perubahan ini langsung diakui dalam beban imbalan pasca kerja tahun berjalan. Selain itu, IFRIC 14 menjelaskan batas pengakuan aset dari surplus dana pensiun di IAS 19. IAS 19 mengatur metode perhitungan liabilitas imbalan kerja, asumsi aktuaria, dan lainnya.

Intinya:
• IAS 19 = Standar utama untuk mengatur akuntansi imbalan kerja.
• IFRIC = Penafsiran tambahan untuk menjawab pertanyaan atau situasi yang tidak dijelaskan secara rinci di IAS/IFRS."
Jika perusahaan memiliki PP (Peraturan Perusahaan), apakah mengacu kepada PP atau UU?;Umumnya, dapat dilihat dari apakah PP tersebut mengacu pada UUCK atau UUK. Jika tidak tersirat, perbandingan manfaat-manfaatnya dapat dilakukan. Jika manfaat dari PP lebih kecil dari UU, maka perhitungan akan mengikuti UU.
Apa perbedaan SAK EP dan SAK ETAP?;"SAK EP (Standar Akuntansi Keuangan Entitas Privat):
  • Berlaku mulai 1 Januari 2025 sebagai pengganti SAK ETAP.
  • Disusun berdasarkan IFRS for SMEs versi 2015, namun sudah diadopsi penuh dan diterjemahkan oleh IAI.
  • Perusahaan masih diberikan pilihan dalam mengakui keuntungan/kerugian aktuarial: langsung diakui dalam laba rugi tahun berjalan, atau dicatat di penghasilan komprehensif lain (OCI).
  • Lebih komprehensif dan sistematis, mencakup penilaian kewajiban manfaat pasca kerja dengan metode aktuaria projected unit credit.
  • Memberikan opsi yang lebih fleksibel untuk entitas privat dalam menyusun laporan keuangan secara sederhana namun sesuai standar internasional.

SAK ETAP (Entitas Tanpa Akuntabilitas Publik):
  • Diterbitkan pada tahun 2009, disusun untuk entitas skala kecil-menengah yang tidak memiliki akuntabilitas publik dan tidak menerbitkan laporan keuangan untuk umum.
  • Perusahaan diberikan pilihan dalam mengakui keuntungan/kerugian aktuarial: langsung diakui dalam laba rugi tahun berjalan, atau dicatat di penghasilan komprehensif lain (OCI).
  • Pendekatan lebih sederhana, contohnya:
    1. Imbalan pasca kerja dihitung tanpa metode aktuaria (cukup dengan estimasi sederhana).
    2. Instrumen keuangan tidak perlu dinilai dengan nilai wajar secara kompleks.
  • Akan digantikan sepenuhnya oleh SAK EP mulai 2025."
Apakah boleh pakai SAK ETAP di tahun 2023 dan mulai pakai SAK EP di 2024?;"SAK ETAP masih boleh digunakan hingga akhir tahun 2024. SAK EP secara efektif berlaku untuk periode tahun buku yang dimulai 1 Januari 2025.

Namun, early adoption (penerapan dini) SAK EP sudah diperbolehkan sejak beberapa tahun terakhir.
• Jadi jika entitas sudah menggunakan SAK EP di 2024, itu sah.
• Tapi jika masih pakai ETAP di 2023 dan 2024, juga masih diperbolehkan."
Apakah Direksi berhak atas pesangon?;Berdasarkan Pasal 15 UU No. 40 Tahun 2007, direksi berbeda dengan karyawan. Direksi umumnya memiliki perjanjian kerja/kontrak sendiri yang mengatur mengenai manfaat yang akan diterima setelah jabatan selesai. Umumnya cadangannya dicatat sebagai manajemen kunci di laporan keuangan.
Apakah Direksi bertanggung jawab terhadap pengelolaan imbalan kerja?;Ya, sesuai dengan Pasal 15 UU No. 40 Tahun 2007, Direksi adalah organ Perseroan yang bertanggung jawab penuh atas pengurusan Perseroan, termasuk dalam hal pengelolaan imbalan kerja. Ini berarti Direksi harus memastikan bahwa perusahaan memenuhi semua kewajiban hukum terkait imbalan kerja, baik untuk pekerja lokal maupun TKA, termasuk memastikan bahwa perhitungan dan pelaporan aktuaria dilakukan secara akurat dan sesuai dengan standar yang berlaku.
Apa manfaat yang diberikan jika karyawan di-PHK karena meninggal dunia, sakit berkepanjangan, pensiun / mengundurkan diri berbeda?;"Semua karyawan yang pensiun normal berhak atas: 
 • Pesangon
 • Uang penghargaan masa kerja
 • Uang pisah (jika ada)
 • Uang penggantian hak (jika ada)
Bila di-PHK dengan sebab tertentu, berhak atas manfaat yang sama dengan tambahan, antara lain:
 1. Yang karena meninggal dunia: bantuan uang duka (jika ada).
 2. Yang karena sakit berkepanjangan: bantuan uang cacat (jika ada).
 3. Yang karena mengundurkan diri: uang pisah/apresiasi (jika ada).

Semua jenis PHK dicatat dalam perhitungan aktuaria untuk memastikan akurasi dalam laporan keuangan dan mencerminkan kewajiban yang sudah terjadi maupun proyeksi di masa depan.
Bonus akibat PHK tidak dihitung sebagai kewajiban aktuaria jangka panjang (PVDBO). Sebaliknya, bonus ini dicatat sebagai biaya operasional tahun berjalan atau termasuk dalam curtailment, yaitu pengurangan kewajiban karena penghentian hubungan kerja."
Bagaimana pengaturan terkait TKA mempengaruhi perhitungan aktuaria?;"Tenaga Kerja Asing (TKA) yang dipekerjakan pada jabatan tertentu dan periode tertentu dapat memengaruhi perhitungan aktuaria, karena aktuaria harus mempertimbangkan durasi kontrak kerja dan jabatan yang dipegang untuk menentukan kewajiban imbalan kerja. 

Berdasarkan PSAK 24 paragraf 1 dan 2, imbalan pasca kerja dapat diberikan kepada karyawan yang memiliki hubungan kerja formal dengan entitas pelapor, melalui program resmi maupun tidak resmi, tanpa membedakan kewarganegaraan. Oleh karena itu, TKA dapat termasuk dalam ruang lingkup PSAK 24 jika memenuhi kriteria berikut:
1. Memiliki kontrak kerja yang sah dengan entitas pelapor.
2. Termasuk dalam kebijakan perusahaan yang memberikan imbalan pasca kerja, baik dalam bentuk program pensiun, pesangon, atau bentuk imbalan lainnya.
3. Tidak dikecualikan secara eksplisit dalam perjanjian kerja atau Peraturan Perusahaan."
Apa pemberian uang kompensasi juga berlaku bagi TKA dengan PKWT?;"Menurut Pasal 15 PP No. 35 Tahun 2021, pemberian uang kompensasi tidak berlaku bagi TKA yang dipekerjakan dengan Perjanjian Kerja Waktu Tertentu (PKWT). Hal ini sering membingungkan, karena mungkin adanya asumsi semua pekerja berhak atas kompensasi. 

Tetapi, jika dalam Peraturan Perusahaan dinyatakan TKA tidak dikecualikan secara tegas dalam perjanjian kerja, maka perusahaan tetap wajib menghitung kewajiban imbalan pasca kerja untuk karyawan tidak tetap, sesuai ketentuan PSAK 24 (sekarang PSAK 219)."
Kapan auditor harus melakukan komunikasi tertulis kepada pihak yang bertanggung jawab atas tata kelola tentang temuan signifikan selama audit?;Auditor harus menyampaikan komunikasi tertulis sesegera mungkin setelah menemukan temuan signifikan, terutama jika berpotensi berdampak material pada laporan keuangan atau pengendalian internal. Komunikasi ini biasanya dilakukan sebelum laporan audit final diterbitkan, dalam bentuk management letter atau laporan temuan audit. Sesuai dengan ISA 260 dan SA 315, auditor wajib menginformasikan kelemahan pengendalian, penyimpangan standar akuntansi, atau risiko kecurangan agar perusahaan dapat segera mengambil tindakan perbaikan.
Apa fungsi dari aktuaria pada perusahaan sekuritas?;"Aktuaris dalam perusahaan sekuritas berperan dalam mengelola risiko keuangan dan valuasi investasi menggunakan model matematika dan statistik. Mereka menghitung nilai wajar produk investasi seperti obligasi dan opsi, serta membantu memahami potensi keuntungan dan risiko.

Jika perusahaan memiliki program pensiun atau kompensasi jangka panjang, aktuaris juga menghitung kewajiban manfaat karyawan sesuai PSAK 219 agar laporan keuangan mencerminkan kewajiban yang sebenarnya.

Selain itu, aktuaris melakukan analisis risiko portofolio dan stres testing untuk mengantisipasi dampak ekonomi terhadap investasi. Dengan pendekatan berbasis data, mereka membantu merancang strategi mitigasi risiko agar perusahaan tetap stabil di tengah fluktuasi pasar."
Perhitungan PSAK 24 nya menggunakan regulasi apa, UU Ketenagakerjaan atau Omnibus Law?;"Dalam praktiknya, perhitungan PSAK 24 (sekarang PSAK 219) merujuk pada standar akuntansi keuangan juga harus selaras dengan regulasi ketenagakerjaan yang berlaku. Regulasi yang menjadi acuan saat ini antara lain:

• UU No. 13 Tahun 2003 atau UUK / UU Ketenagakerjaan (sebelum revisi oleh Omnibus Law), yang mengatur hak-hak karyawan atas pesangon, penghargaan masa kerja, dan penggantian hak.
• UU No. 11 Tahun 2020 atau UU Cipta Kerja / UUCK (Omnibus Law) dan peraturan turunannya seperti PP No. 35 Tahun 2021, yang memperbarui skema perhitungan pesangon dan memberikan opsi bagi perusahaan untuk menggunakan skema asuransi DPLK.
• Ketentuan dari perusahaan sendiri, seperti peraturan perusahaan, PKB (Perjanjian Kerja Bersama), atau kebijakan internal lainnya.

Jika suatu perusahaan sudah mengikuti UUCK perhitungan PSAK 219 akan mempertimbangkan skema pesangon yang lebih rendah dibanding aturan lama. Namun, jika masih mengikuti aturan lama (UUK), maka kewajiban perusahaan terhadap karyawan bisa lebih besar."
Apa perbedaan antara imbalan pasca kerja dalam valuasi aktuaria dan manfaat dalam BPJS Ketenagakerjaan?;"BPJS (Badan Penyelenggara Jaminan Sosial) dan imbalan pasca kerja yang diatur dalam PSAK 24 adalah dua hal yang berbeda dalam konteks imbalan kerja karyawan. BPJS adalah program jaminan sosial yang ditawarkan pemerintah untuk jaminan kesehatan, jaminan pensiun, dan jaminan sosial lainnya. 
Sementara itu imbalan pasca kerja adalah segala bentuk imbalan yang diberikan kepada karyawan setelah mereka tidak lagi bekerja di perusahaan, termasuk pensiun, tunjangan kesehatan pensiunan, dan asuransi jiwa pasca kerja.

BPJS:
• Program jaminan sosial yang dikelola pemerintah.
• Memberikan jaminan kesehatan, jaminan pensiun, jaminan kecelakaan kerja, dan jaminan kematian.
• Iuran BPJS menjadi kewajiban perusahaan dan pekerja.
• Perusahaan dapat mencatat iuran BPJS sebagai bagian dari beban.

Imbalan Pasca Kerja (sesuai PSAK 24):
• Segala bentuk imbalan yang diberikan kepada karyawan setelah masa kerjanya berakhir.
• Dapat berupa tunjangan pensiun, tunjangan kesehatan pensiunan, asuransi jiwa, dll.
• Perusahaan memiliki kewajiban untuk memberikan imbalan ini.
• Kewajiban imbalan pasca kerja diukur oleh nilai kini dari imbalan yang akan dibayarkan di masa depan.
• PSAK 24 mengatur pengakuan, pengukuran, penyajian, dan pengungkapan imbalan pasca kerja.

Imbalan pasca kerja yang dihitung dalam PSAK 24/219 adalah imbalan selain BPJS yang nantinya akan dibayarkan kepada karyawan ketika karyawan tersebut di PHK yang diatur dalam UU Ketenagakerjaan karena sebab berikut:
 - pensiun normal
 - meninggal dunia
 - resign
 - sakit berkepanjangan"
Apakah imbalan kerja atau kompensasi PKWT wajib diberikan kepada karyawan?;"Ya, berdasarkan regulasi ketenagakerjaan di Indonesia, karyawan dengan Perjanjian Kerja Waktu Tertentu (PKWT) berhak menerima kompensasi setelah masa kerja mereka berakhir. Hal ini diatur dalam Peraturan Pemerintah (PP) No. 35 Tahun 2021, yang merupakan turunan dari UU Cipta Kerja (Omnibus Law). Besaran kompensasi yang diberikan bergantung pada masa kerja karyawan, yaitu 1 bulan upah untuk setiap 12 bulan kerja secara terus-menerus, dan dihitung secara proporsional jika kurang dari 1 tahun.

Namun, kompensasi ini tidak berlaku bagi karyawan PKWT yang kontraknya diputus karena melakukan pelanggaran atau mengundurkan diri sebelum masa kontrak berakhir. Untuk memastikan kepatuhan terhadap peraturan, perusahaan harus memperhitungkan kewajiban ini dalam pencatatan keuangan dan perencanaan biaya tenaga kerja."
Jika RUPS belum menentukan besaran imbalan pasca kerja Direksi, bagaimana perhitungannya dilakukan?;"Jika belum ada keputusan RUPS, perhitungan dapat mengacu pada aturan umum seperti UUCK atau perjanjian tertulis lainnya yang berlaku. Dokumen pendukung, seperti surat perjanjian kerja atau keputusan internal, diperlukan sebagai dasar perhitungan.

Dokumen yang diperlukan meliputi:
1. Keputusan RUPS (jika tersedia).
2. Surat perjanjian kerja atau dokumen lain yang memuat janji imbalan pasca kerja.
3. Laporan aktuaria sebelumnya atau asumsi perhitungan yang relevan."
Bagaimana jika 2025 masih ada perusahaan yang menggunakan PSAK 24 (bukan PSAK 219), apa dampaknya pada perusahaan tersebut?;"1. Regulasi yang Digunakan
Tidak ada perbedaan antara PSAK 24 dan PSAK 219. Perbedaan terletak pada penomoran PSAK sesuai arahan dari Ikatan Akuntan Indonesia (IAI) mengenai perubahan penomoran PSAK yang berlaku mulai 1 Januari 2024.

2. Persoalan Audit
Mulai 2024, penggunaan PSAK 24 dapat berisiko menimbulkan perbedaan catatan dalam audit karena ketidaksesuaian dengan ketentuan terkini dari IAI."
"Mengapa penting untuk memverifikasi pengakuan utang dalam laporan imbalan kerja?
";"Verifikasi dari KAP (Kantor Akuntan Publik) penting karena bertujuan memastikan bahwa pengakuan kewajiban imbalan kerja di laporan keuangan perusahaan sudah sesuai regulasi dan akurat.

Misalkan, perusahaan X mencatat:
Debit: Beban Imbalan Kerja – Rp 2,872 miliar
Kredit: Utang Imbalan Kerja – Rp 2,872 miliar

KAP akan mengecek apakah angka ini benar-benar mencerminkan kewajiban perusahaan kepada karyawan, dan apakah ada aset terkait (seperti program pensiun) yang juga harus dicatat. Hasil verifikasi KAP akan menjamin bahwa laporan keuangan menjadi lebih transparan bagi auditor dan pemangku kepentingan."
Bagaimana penentuan usia pensiun jika tidak ada Peraturan Perusahaan (PP)?;Jika tidak ada PP, penentuan usia pensiun biasanya didasarkan pada kebijakan internal perusahaan, peraturan pemerintah, atau UU yang berlaku.
Bagaimana ketentuan usia pensiun normal sesuai dengan peraturan pemerintah yang berlaku?;"Usia pensiun ditentukan berdasarkan Pasal 15 ayat (1), (2), dan (3) PP No. 45 Tahun 2015 sebagai berikut:
1. Untuk pertama kali, usia pensiun ditetapkan 56 tahun.

Mulai 1 Januari 2019, usia pensiun menjadi 57 tahun.
1. Usia pensiun akan bertambah 1 tahun setiap 3 tahun berikutnya sampai mencapai 65 tahun. 
2. Misalnya, 2019-2021: 57 tahun, 2022-2024: 58 tahun, dan seterusnya."
Bagaimana jika sudah pernah menghitung secara internal / menggunakan tenaga ahli (bukan KKA)?;"Langkah-langkah yang dapat dilakukan:
1. Periksa kertas kerja perhitungan sebelumnya
Pastikan dokumen perhitungan terdokumentasi dengan baik, termasuk metode yang digunakan, asumsi aktuaria (tingkat diskonto, kenaikan gaji, Mortalita), dan data yang dijadikan dasar perhitungan.

2. Cek kesesuaiannya dengan standar yang berlaku
Pastikan bahwa perhitungan menggunakan metode Projected Unit Credit (PUC) dan mengikuti standar akuntansi berlaku seperti PSAK 219 agar dapat diterima dalam laporan keuangan yang diaudit.

3. Perhitungan kembali oleh KKA
Kantor Konsultan Aktuaria (KKA) akan menghitung ulang dan melakukan penyesuaian dengan hasil perhitungan yang sudah dicatat agar tidak menimbulkan potensi koreksi dalam laporan keuangan. Kelebihan/Kekurangan pencadangan di periode sebelumnya atas perbedaan perhitungan akan dicatat di beban/pendapatan laba rugi tahun berjalan."
Apa standar perusahaan harus membuat perhitungan post employment benefit?;"Perhitungan imbalan pasca kerja (post employment benefit) wajib dilakukan oleh perusahaan yang menyusun laporan keuangan sesuai standar akuntansi seperti PSAK 219, terutama bagi perusahaan tercatat di bursa efek, diaudit, atau memiliki akuntabilitas publik.

Namun, meskipun perusahaan skala kecil tidak wajib mengikuti standar akuntansi tertentu, mereka tetap harus membayar imbalan kerja sesuai UUK No. 13 Tahun 2003 atau PP No. 35 Tahun 2021 (Omnibus Law). Oleh karena itu, perhitungan imbalan pasca kerja tetap penting dalam manajemen keuangan perusahaan."
Dampak perhitungan aktuaria dari penerapan UU No. 6 Tahun 2023 tentang Cipta Kerja dan juga dampak putusan uji materi MK terkait UU No. 11 Tahun 2020 tersebut? ;Tidak terdapat perubahan manfaat dari UU No. 11 Tahun 2020 ke UU No. 6 Tahun 2023.
Kami merupakan koperasi karyawan, apakah bisa tidak menggunakan UUCK? Karena sepengetahuan kami ada peraturan tersendiri untuk koperasi terkait imbalan pasca kerja (Case Koperasi Karyawan Univ Jember);Perhitungan imbalan pasca kerja hanya mengacu kepada UUK dan UUCK tentang Ketenagakerjaan. Adapun jika entitas/korporasi tersebut memiliki undang-undangnya sendiri (contohnya koperasi, memiliki undang-undang yang mengatur tentang koperasi), imbalan pasca kerja tidak diatur di dalamnya.
Kalau di perusahaan ada penghargaan rutin sebagai apresiasi kinerja karyawan berupa emas apakah diperhitungkan? Tapi ini spesifik untuk satu karyawan khusus;Untuk penghargaan karyawan berprestasi, kami membutuhkan Peraturan Perusahaan terkait hal tersebut. Namun biasanya karyawan berprestasi sulit untuk kami estimasi. Bisa dianggap tambahan bonus tahunan aja, jadi tidak perlu masuk perhitungan
Kalo misal cuti umroh dan tetep terima gaji, apakah masuk CBS?;Untuk cuti umroh tetap terima gaji, jadi tidak masuk CBS, cukup masuk ke dalam lingkup imbalan jangka pendek
Data apa yang diperlukan jika ingin melakukan perhitungan valuasi aktuaria secara komprehensif?;"Kami memiliki 2 template data untuk dilengkapi. Pertama, berupa file excel yang berisikan data pribadi karyawan seperti tanggal lahir, tanggal masuk kerja, gaji, dan lainnya. Kedua, berupa file word yang berisikan informasi perusahaan, seperti nama perusahaan, alamat perusahaan, rata-rata kenaikan gaji, penanggung pajak oleh karyawan / perusahaan dan lainnya. 

Selain 2 template tersebut, kami membutuhkan data pendukung lainnya seperti peraturan perusahaan, NPWP perusahaan, lembar persetujuan penawaran yang telah ditandatangani, laporan aktuaria tahun lalu (jika ada) serta saldo & iuran DPLK (jika ada).

Hal-hal yang perlu dipastikan meliputi:
1. Pastikan jumlah karyawan yang dihitung mencakup karyawan aktif dan tidak aktif, dilengkapi status tetap dan kontrak (jika ada).
2. Pastikan untuk tidak memasukkan anggota Board of Directors (BOD) dan Tenaga Kerja Asing (TKA) (jika ada) dalam perhitungan."
Bagaimana memahami pengakuan beban / pendapatan yang memisahkan biaya jasa kini dan biaya jasa lalu dalam pencatatan imbalan kerja?;"Pengakuan beban / pendapatan dalam pencatatan imbalan kerja, penting dipisahkan antara:
1. Debit Imbalan Kerja sebagai total beban yang timbul selama tahun berjalan dan harus diakui di laporan laba rugi.
    • Biaya Jasa Kini (Current Service Cost) → hak karyawan yang bekerja aktif selama tahun valuasi.
    • Biaya Jasa Lalu (Past Service Cost) → koreksi atas manfaat masa lalu, yang sifatnya mengurangi kewajiban perusahaan secara signifikan (karena ada penghapusan atau penyesuaian manfaat yang bersifat vested). Jika dampaknya besar, bisa menciptakan lonjakan beban atau justru pendapatan (jika kewajiban dikurangi). 
2. Kredit Imbalan Kerja sebagai jumlah kewajiban (utang) yang harus dibayar oleh perusahaan kepada karyawan di masa mendatang.

Diketahui:
Pada awal tahun 2024, kewajiban perusahaan sebesar Rp9,1 M. Setelah beban tahun berjalan dikurangi sebesar Rp5,3 M → maka kewajiban akhir tahun 2024 turun menjadi Rp3,79 M.

Ini menunjukkan bahwa sebagian besar kewajiban perusahaan sudah dikoreksi atau direvisi, baik karena pengurangan manfaat, penghapusan program, atau perubahan data peserta. Jadi, pengakuan finalnya adalah:
 • Debit: Beban Imbalan Kerja (CSC + Interest) = Rp1,14 M
 • Debit: Koreksi Biaya Jasa Lalu (BJS) =  Rp -6,45 M
 • Kredit: Penurunan Bersih Kewajiban =  Rp -5,31 M

Karena nilai koreksi biaya jasa lalu sangat besar dan bersifat mengurangi kewajiban, maka perusahaan mencatatnya sebagai pendapatan dalam laporan laba rugi.

Dengan memisahkan biaya jasa kini dan biaya jasa lalu, laporan aktuaria memberikan transparansi penuh tentang:
• Berapa biaya yang benar-benar timbul tahun berjalan
• Berapa yang muncul karena kebijakan baru
• Dan apakah perubahan program memberikan beban atau justru “penghematan” di laporan keuangan."
Bagaimana cara memastikan saldo imbalan pasca kerja pada laporan keuangan sebelumnya?;Pastikan untuk memeriksa apakah pada laporan keuangan sebelumnya sudah ada saldo beban imbalan pasca kerja yang dicatat. Jika ini adalah pertama kali perusahaan menghitung, tetapi sebelumnya sudah ada perhitungan internal, dibutuhkan data detail perhitungannya, setidaknya saldo yang digunakan pada laporan keuangan sebelumnya.
Mengapa biaya imbalan kerja dicatat sebagai utang, dan kapan bisa dicatat sebagai aset dalam laporan keuangan?;"Ketentuan Pencatatan:
1. Umumnya dicatat sebagai Utang jika imbalan kerja masih berupa kewajiban yang belum dibayarkan, seperti biaya jasa kini dan biaya jasa lalu.
2. Dalam kondisi tertentu dicatat sebagai Aset jika perusahaan memiliki dana pensiun atau aset investasi yang dikelola secara khusus untuk membayar manfaat tersebut di masa depan.
Dengan bantuan Kantor Akuntan Publik (KAP), pencatatan ini dilakukan sesuai standar akuntansi seperti PSAK 219 untuk memastikan transparansi laporan keuangan."
Periode perhitungan IPK dilakukan per tahun, per bulan, atau per kuartal?;Perhitungan IPK biasanya dilakukan per tahun, mengikuti periode pelaporan audit, karena IPK merupakan salah satu komponen yang diperlukan auditor dalam laporan keuangan. Namun, bisa juga dihitung per kuartal tergantung kebutuhan perusahaan dan auditor untuk mendapatkan nilai estimasi imbalan kerja yang lebih proporsional.
Apa perbedaan perhitungan untuk karyawan tetap dan kontrak?;"1. Karyawan tetap (PKWTT) : Perhitungannya mencakup beberapa komponen, seperti cadangan untuk pensiun, meninggal dunia, cacat, dan resign, yang formulanya mengikuti peraturan perundang-undangan yang berlaku dan diproyeksikan sampai usia pensiun.
2. Karyawan kontrak (PKWT) : Perhitungannya didasarkan pada masa kerja (proporsional), yaitu masa kerja (bulan) / 12 x gaji dan diproyesikan sampai tanggal akhir kontrak."
Bagaimana dengan pekerja harian?;Karyawan harian tidak masuk ke dalam perhitungan.
Bagaimana ketentuan gaji yang digunakan dalam perhitungan IPK?;Gaji yang digunakan untuk menghitung Imbalan Pasca Kerja (IPK) terdiri dari gaji pokok dan tunjangan tetap, yang keduanya dihitung dalam jumlah bruto (sebelum dipotong pajak atau iuran lain) untuk masing-masing karyawan.
Bagaimana jika karyawan kontrak berubah setiap proyek?;Perhitungan dilakukan berdasarkan masing-masing karyawan kontrak per proyek, dengan masa kerja dihitung sejak tanggal awal kontrak hingga tanggal proyek selesai.
Komponen inti data karyawan untuk memulai perhitungan apa saja?;Identitas karyawan (NIK/Nama), tanggal lahir, tanggal mulai kerja, gaji pokok dan tunjangan (jika ada), dan status karyawan.
Apa saja komponen utama penyusun beban pada laporan IPK?;Terdiri dari Biaya Jasa Kini, Biaya Jasa Lalu dan Biaya Bunga. Bisa ditambahkan juga komponen tambahan lainnya seperti: pengaruh Kurtailmen atau Penyelesaian, jika ada penghentian program pensiun, dan (Dikurangi) Hasil Investasi Aset Program, bila perusahaan punya aset dana pensiun.
Metode apa yang digunakan dalam perhitungan?;Perhitungan IPK menggunakan metode Projected Unit Credit (PUC) sesuai dengan yang dipersyaratkan dalam PSAK 219. Metode ini juga sesuai dengan IFRS/IAS 19 (Employee Benefits), sebagai standar perhitungan aktuaria internasional.
Bagaimana cara menghitung nilai estimated future working dalam PSAK 219?;Estimated future working dapat dihitung berdasarkan sisa masa kerja untuk setiap karyawan. Untuk karyawan tetap dihitung hingga karyawan tersebut mencapai usia pensiunnya, sedangkan untuk karyawan kontrak dihitung hingga berakhirnya kontrak karyawan tersebut (diasumsikan satu tahun).
Apa yang harus dilakukan jika klien sudah pernah melakukan perhitungan tetapi tidak memiliki data rincian terkait perhitungan kewajiban / PVDBO?;Jika klien tidak memiliki data rincian PVDBO, maka dibutuhkan data karyawan yang digunakan pada perhitungan sebelumnya untuk melihat asumsi yang relevan yang akan digunakan pada perhitungan saat ini.
Apakah karyawan yang sudah pensiun tetapi masih bekerja sebagai komisaris dan menerima gaji harus tetap dimasukkan dalam perhitungan PSAK 219?;"Tidak. Karyawan yang telah pensiun dan diangkat sebagai komisaris tidak lagi masuk dalam perhitungan aktuaria PSAK 219 karena hubungan mereka dengan perusahaan berubah menjadi hubungan profesional, bukan lagi karyawan. Namun, jika perusahaan memiliki kebijakan memberikan tunjangan pasca kerja kepada komisaris, kewajiban tersebut tetap harus dihitung, tetapi secara terpisah dari kewajiban aktuaria karyawan.

Sesuai Pasal 15 UU 40/2007, komisaris dan direksi bukan bagian dari karyawan, sehingga tidak berhak atas imbalan kerja sesuai PSAK 219, kecuali ada kebijakan perusahaan yang secara khusus mengatur tunjangan mereka."
Bagaimana mutasi karyawan akan berdampak pada nilai Biaya Jasa Lalu dan OCI suatu perusahaan?;"• Untuk karyawan keluar, jika cadangan yang dicatat > realisasi, selisihnya akan diakui pada kurtailmen sebagai penyelesaian. Namun, jika cadangan yang dicatat < realisasi, selisihnya akan diakui pada biaya jasa lalu.
• Untuk karyawan masuk, akan diakui pada biaya jasa lalu sebesar PVDBO - CSC."
Apa yang dimaksud dengan Biaya Jasa Lalu dan Biaya Jasa Kini? Bagaimana cara perhitungannya menurut PSAK 219 untuk karyawan tetap?;"1. Biaya jasa lalu (Past Service Cost) adalah biaya yang muncul ketika perusahaan baru pertama kali mencatat kewajiban imbalan kerja secara menyeluruh atau terjadi perubahan besar, seperti perubahan kebijakan cuti besar, restruktur kompensasi, mutasi karyawan, perubahan pada metode / asumsi, atau revisi program pensiun. 
Berikut adalah ketentuan mengenai biaya jasa lalu untuk penerapan pertama kali:
 • Jika masa kerja < 1 tahun: Biaya Jasa Lalu = 0
 • Jika masa kerja ≥ 1 tahun: Biaya Jasa Lalu = PVDBO – CSC
Biaya jasa lalu biasanya langsung diakui dalam laba rugi jika tidak vested atau diamortisasi jika vested.

2. Biaya jasa kini (Current Service Cost) adalah biaya atas manfaat pensiun yang ""ditabung"" perusahaan untuk karyawan selama periode berjalan. Dihitung berdasarkan asumsi aktuaria (kenaikan gaji, usia, diskonto, dan lainnya). Faktor yang bisa meningkatkan CSC, seperti:
 • Tambahan pajak dari manfaat
 • Penurunan suku bunga (discount rate)
 • Kenaikan gaji aktual lebih tinggi dari asumsi
 • Perubahan manfaat (misalnya tunjangan pensiun baru).

Rumusnya:
CSC = PVFB / MK
dimana
PVFB = present value of Future Benefit atau nilai sekarang dari estimasi manfaat masa depan
MK = total masa kerja hingga karyawan mencapai Usia pensiun normal"
Mengapa nilai Other Comprehensive Income (OCI) hanya mencakup karyawan tetap, dan bagaimana perlakuan serta penyajian keuntungan / kerugian aktuarial?;Nilai OCI hanya mencakup karyawan tetap karena merekalah yang umumnya menerima manfaat jangka panjang seperti pensiun atau imbalan pasca kerja, yang menjadi sumber timbulnya keuntungan atau kerugian aktuaria.
Apakah karyawan kontrak / PKWT berdampak kepada OCI?;"Pada dasarnya perhitungan karyawan kontrak tidak diatur jelas dalam standar praktik imbalan kerja. Sebagian KKA tidak memakai OCI karena menganggap itu bagian dari OLTEB. Kelebihan atau kekurangan kewajiban masuk di laporan laba rugi.

Tapi kami, KKA Nirmala disini memakai nilai OCI karena menilai kompensasi karyawan kontrak masuk kategori imbalan pasca kerja. Perhitungannya juga menggunakan Projected Unit Credit dengan nilai manfaat sebesar proporsi masa kerja x gaji yang menggunakan asumsi diskonto dan probabilitas. Perbedaan asumsi juga akan menimbulkan OCI.

Umumnya, perlakuannya disesuaikan dengan ketentuan kontrak setiap perusahaan."
Mengapa karyawan yang di atas usia pensiun masih masuk dalam perhitungan?;Selama karyawan tersebut belum menerima pesangon atas usia pensiunnya dan/ memang masih bekerja, perusahaan masih memiliki kewajiban untuk mencadangkan pesangon tersebut sehingga karyawan tersebut tetap dihitung dalam perhitungan PSAK 219.
Bila memiliki DPLK, data terkait apa saja yang dibutuhkan untuk perhitungan?;"1. Jika DPLK DKP (Dana Kompensasi Pesangon) : Kami membutuhkan data berupa saldo akhir DPLK per periode perhitungan, realisasi pembayaran manfaat, iuran DPLK, dan ROI rate dari DPLK.
2. JIka DPLK PPIP (Program Pensiun Iuran Pasti) : Kami membutuhkan data berupa saldo akhir DPLK per periode perhitungan, iuran DPLK,  dan ROI rate dari DPLK."
Apa yang perlu diperhatikan jika perhitungan IPK termasuk imbalan jangka panjang lainnya (OLTEB) dan DPLK?;"1. Pastikan aturan mengenai imbalan jangka panjang lainnya, seperti Cuti Besar (CBS) dan Penghargaan Emas, sudah ditetapkan dalam kebijakan perusahaan.
2. Jika karyawan terdaftar dalam DPLK, kewajiban pensiun sebagian dapat ditanggung oleh DPLK, sehingga perusahaan hanya perlu mencatat kewajiban tambahan yang belum ditanggung oleh dana pensiun tersebut.
3. Imbalan Jangka Panjang lainnya, seperti CBS yang belum digunakan, juga harus diperhitungkan dalam kewajiban perusahaan. 
   • Karyawan yang memiliki CBS akan memiliki kewajiban tambahan.
   • Karyawan yang non-CBS mungkin memiliki kewajiban yang lebih kecil.
4. Jika perusahaan telah melakukan perhitungan sebelumnya, pastikan bahwa perhitungan telah mencakup seluruh komponen ini agar nilai kewajiban yang diakui dalam laporan keuangan tetap sesuai dengan standar PSAK 219."
Bagaimana cara perusahaan menghitung kewajiban untuk karyawan yang tidak memiliki hak cuti besar dan tidak terdaftar dalam DPLK?;Perusahaan hanya perlu menghitung kewajiban berdasarkan masa kerja, gaji yang berlaku, dan asumsi aktuaria terkait, tanpa adanya tambahan dari hak cuti besar atau kontribusi DPLK.
Apa yang harus diperhatikan dari kewajiban untuk karyawan non-DPLK?;Karyawan non-DPLK tidak memiliki dana pensiun tambahan yang didanai oleh pihak ketiga, sehingga seluruh kewajiban imbalan kerja harus ditanggung oleh perusahaan. Ini berarti bahwa perusahaan perlu mencadangkan seluruh biaya pensiun karyawan tersebut dalam laporan keuangan mereka.
Bagaimana perbedaan perhitungan kewajiban antara karyawan yang memiliki CBS dan non-CBS?;Untuk karyawan yang memiliki CBS, kewajiban imbalan kerja mencakup biaya tambahan yang terkait dengan hak cuti besar yang belum digunakan. Sebaliknya, karyawan non-CBS tidak memiliki komponen tambahan ini, sehingga nilai kewajibannya mungkin lebih rendah. Jika seorang karyawan memutuskan untuk tidak menggunakan hak CBS, kewajiban tersebut tetap dicatat hingga hak tersebut kadaluarsa atau dibayarkan oleh perusahaan.
Apakah perusahaan dapat mengubah kebijakan CBS atau DPLK di tengah masa kerja karyawan, dan bagaimana ini mempengaruhi perhitungan kewajiban?;Bisa saja, namun perubahan ini tetap dilakukan sesuai dengan peraturan ketenagakerjaan yang berlaku dan harus disosialisasikan kepada karyawan. Setiap perubahan dalam kebijakan terkait dapat mempengaruhi perhitungan kewajiban imbalan kerja dan perlu diperhitungkan dalam laporan keuangan sesuai dengan ketentuan yang berlaku.
Bagaimana ketentuan mengenai realisasi pembayaran karyawan kontrak?;Untuk karyawan kontrak, perlu dipastikan apakah realisasi pembayaran kompensasi dilakukan setiap akhir kontrak—baik bagi karyawan yang kontraknya diperpanjang maupun yang tidak—atau hanya saat karyawan keluar dari perusahaan.
Bagaimana cara menentukan asumsi kenaikan gaji dalam perhitungan IPK?;"Asumsi kenaikan gaji umumnya ditentukan berdasarkan:
1. Rata-rata kenaikan gaji historis perusahaan dalam beberapa tahun terakhir.
2. Kenaikan UMK di wilayah operasional perusahaan.
3. Tingkat inflasi dalam beberapa tahun terakhir.
4. Rencana kenaikan gaji ke depan, berdasarkan kebijakan internal atau surat resmi dari manajemen perusahaan (management letter).
5. Asumsi tahun sebelumnya, bila masih relevan dan belum berubah signifikan."
Apakah terdapat perbedaan perhitungan yang digunakan jika dibandingkan dengan KKA lain?;Setiap KKA, dalam melakukan perhitungan IPK dihitung menggunakan metode yang sama, sesuai dengan yang diprasyaratkan dalam PSAK 219, namun umumnya terdapat perbedaan dalam pendekatan menghitung usia yang akan digunakan dalam menghitung kewajiban.
Mengapa hasil perhitungan tahun valuasi lebih tinggi dibandingkan tahun sebelumnya?;"Berikut adalah beberapa faktor yang dapat menyebabkan kenaikan nilai pada kewajiban:
1. Bertambahnya usia setiap karyawan
2. Bertambahkan masa kerja setiap karyawan
3. Penurunan asumsi usia pensiun normal
4. Perbedaan pengakuan usia pada tanggal valuasi (sebagai contoh, penggunaan usia tepat dibandingkan dengan pembulatan usia).
5. Penurunan tingkat diskonto.
6. Kenaikan gaji aktual yang lebih besar daripada asumsi.
7. Penambahan komponen pajak dalam perhitungan.
8. Perubahan manfaat IPK yang digunakan (penambahan manfaat)."
Mengapa ada perbedaan antara salary increase rate yang digunakan dalam laporan dan aktual kenaikan gaji?;"Perbedaan tersebut bisa terjadi karena dalam laporan merupakan asumsi jangka panjang, sedangkan kenaikan gaji aktual dapat dipengaruhi oleh faktor-faktor eksternal dan kebijakan perusahaan dalam jangka pendek. Dalam perhitungan, rate yang digunakan untuk memproyeksikan kewajiban di masa depan dengan mempertimbangkan:
1. Tren historis – Pola kenaikan gaji rata-rata dalam beberapa tahun terakhir.
2. Inflasi & kondisi ekonomi – Perkiraan pertumbuhan ekonomi yang mempengaruhi upah.
3. Historis karyawan – Kenaikan gaji berdasarkan tingkat jabatan, performa, dan masa kerja.
4. Kebijakan perusahaan – Rencana kompensasi jangka panjang.

Oleh karena itu, jika rate mengalami kenaikan / penurunan aktual dari asumsi dalam laporan aktuaria, maka dapat terjadi deviasi yang akan dikoreksi dalam penyesuaian aktuaria berikutnya."
Apakah nilai kewajiban dapat diperkecil?;"Nilai kewajiban imbalan kerja dalam PSAK 219 bisa diperkecil dengan beberapa strategi, tetapi harus tetap sesuai dengan prinsip aktuaria dan standar akuntansi. 

Berikut adalah beberapa faktor yang dapat mengurangi nilai kewajiban:
1.Mengubah Asumsi Aktuaria
   • Meningkatkan tingkat diskonto → Semakin tinggi diskonto, semakin kecil kewajiban.
   • Menurunkan asumsi kenaikan gaji → Kewajiban turun jika proyeksi kenaikan gaji lebih rendah.
   • Menyesuaikan asumsi mortalitas & turnover → Turnover tinggi atau angka mortalitas tinggi dapat mengurangi manfaat yang harus dibayarkan.
2. Menyesuaikan Kebijakan Manfaat
   • Mengurangi atau membatasi manfaat (contohnya, membatasi pesangon atau manfaat kesehatan pasca kerja)
   • Menerapkan batas maksimal manfaat
3. Menggunakan Curtailment atau Settlement
   • Curtailment → Penurunan signifikan yang dilakukan oleh entitas dalam hal jumlah pekerja yang ditanggung oleh program
   • Settlement → Menyelesaikan kewajiban lebih awal, misalnya dengan pembayaran lump sum atau membeli polis asuransi pensiun

Namun, perubahan ini harus dipertimbangkan secara hati-hati agar tetap sesuai dengan regulasi ketenagakerjaan dan tidak berdampak negatif pada kesejahteraan karyawan."
Apa itu Curtailment dalam perhitungan PSAK 219? Dan apa dampaknya pada laporan keuangan Perusahaan?;"Kurtailmen (curtailment) terjadi ketika perusahaan melakukan tindakan yang secara signifikan mengurangi jumlah karyawan yang berhak atas imbalan pasca kerja. Nilai ini berdampak pada estimasi nilai kewajiban / PVDBO yang  mengakibatkan keuntungan atau kerugian yang harus segera diakui dalam laporan laba rugi.

Kurtailmen merupakan bagian dari biaya jasa lalu ketika ada penurunan signifikan yang dilakukan oleh entitas dalam hal jumlah pekerja yang ditanggung oleh program."
Apakah ada keuntungan bagi perusahaan dalam menghitung CBS atau mendaftarkan karyawan ke dalam DPLK terkait perhitungan kewajiban?;Menghitung CBS dapat meningkatkan kewajiban imbalan jangka panjang lainnya, tetapi juga dapat membantu dalam retensi karyawan. Selain itu, mendaftarkan karyawan ke DPLK dapat mengurangi kewajiban perusahaan karena sebagian dari beban pensiun ditanggung oleh pihak ketiga, yang bisa mengurangi beban finansial perusahaan dalam jangka panjang. 
Bagaimana perhitungan kewajiban apabila karyawan terdaftar dalam DPLK dan pencatatannya dalam laporan keuangan?;"1. DPLK DKP : Total saldo DPLK akhir periode dapat digunakan pengurang kewajiban, sehingga yang dicatat dalam laporan IPK hanya sisa kewajiban setelah dikurangi saldo DPLK yang tersedia. Imbal hasil dari DPLK akan dicatat sebagai pengurang di laba rugi.
    • Jika liabilitas > DPLK DKP, selisihnya masih harus dicatat sebagai kewajiban di neraca.
    • Jika liabilitas ≤ DPLK DKP, maka kewajiban di neraca bisa dianggap nol, karena sudah ter-cover oleh dana yang terkumpul di DPLK dan akan muncul dampak batas atas aset.
2. DPLK PPIP : Saldo DPLK akhir periode masing-masing karyawan akan diproyeksikan sampai usia pensiun dan dapat digunakan pengurang kewajiban, sehingga yang dicatat dalam laporan IPK hanya sisa kewajiban setelah dikurangi saldo DPLK yang tersedia."
Apakah ada perubahan dalam perhitungan kewajiban jika karyawan menggunakan sebagian hak Imbalan Jangka Panjang Lainnya (OLTEB) sebelum pensiun?;"Jika karyawan mengambil sebagian hak itu sebelum pensiun (misalnya cuti besar dibayar atau penghargaan masa kerja), maka:
 • Kewajiban perusahaan berkurang, karena sebagian manfaat sudah dibayar.
 • Namun, sisa hak yang belum digunakan tetap harus dihitung dalam kewajiban aktuarial.
 • Penyesuaian dilakukan dengan mengurangi proyeksi manfaat berdasarkan hak yang sudah diambil.
 • Sisa kewajiban tetap didiskontokan menggunakan asumsi yang berlaku (seperti tingkat diskonto, kenaikan gaji, dan mortalita)."
Mengapa nilai biaya jasa lalu bisa muncul dari perbedaan usia pensiun dan mutasi karyawan?;"Perbedaan usia pensiun dan mutasi karyawan dapat berdampak langsung pada perhitungan kewajiban aktuaria karena mengubah periode kerja yang diperhitungkan dan jumlah karyawan yang berhak atas manfaat. 
Jika usia pensiun diperpanjang, maka nilai kini kewajiban (PVDBO) cenderung menurun, karena manfaat dibayarkan lebih lambat dan dicicil selama masa kerja yang lebih panjang. Namun, manfaat total yang akan diterima di akhir masa kerja bisa meningkat akibat masa kerja yang lebih panjang. Perubahan ini diakui sebagai biaya jasa lalu.
Jika terjadi mutasi atau pengurangan karyawan, maka cadangan aktuaria untuk karyawan tersebut dikeluarkan (take-out) dari kewajiban. Apabila perusahaan kemudian membayar manfaat, maka selisih antara cadangan yang dilepas dan pembayaran aktual akan menimbulkan biaya jasa lalu."
Jika terdapat karyawan yang keluar di tahun valuasi, namun realisasinya baru akan dibayarkan di tahun berikutnya, bagaimana perhitungan IPK-nya?;"1. Take-out cadangan saat ini, lalu biaya realisasi di tahun depan
  • Karyawan yang keluar dianggap sudah tidak menjadi bagian dari program pada tahun ini sehingga Cadangan (PVDBO) di-take-out dari kewajiban pada laporan tahun berjalan.
  • Pembayaran aktual di tahun berikutnya dicatat sebagai biaya langsung di laporan laba rugi tahun tersebut, tanpa lagi memengaruhi PVDBO, atau
2. Tetap akui dalam PVDBO sampai manfaat dibayarkan
  • Estimasi pembayaran manfaat tetap dipertahankan dalam PVDBO hingga benar-benar dibayarkan.
  • Kewajiban diakui pada periode saat karyawan keluar.
  • Penyesuaian dilakukan di tahun berikutnya saat pembayaran aktual dilakukan (misalnya jika nilai realisasi berbeda dari estimasi)."
Bagaimana cara menghitung nilai kewajiban suatu perusahaan?;"Nilai kewajiban akhir suatu perusahaan diperoleh dari:
1. Nilai kewajiban awal (jika ada) (+)
2. Beban tahun berjalan (+)
3. Realisasi tahun berjalan (-)
4. Nilai OCI tahun berjalan (+)
5. Iuran DPLK porsi perusahaan tahun berjalan (jika ada) (-)"
Apa yang dimaksud dengan Nilai Kini Kewajiban (PVDBO) perusahaan per tanggal valuasi?;"Nilai Kini Kewajiban (PVDBO) adalah estimasi atau proyeksi dari nilai total kewajiban yang harus dicadangkan oleh perusahaan pada tanggal perhitungan (valuasi aktuaria) untuk memenuhi seluruh manfaat karyawan di masa mendatang.
Perhitungan PVDBO mempertimbangkan faktor diskonto, tingkat kenaikan gaji, harapan hidup, dan probabilitas karyawan tetap bekerja hingga menerima manfaat.

Komponen PVDBO mencakup:
 • Manfaat Pensiun – Nilai kini dari seluruh kewajiban pensiun yang harus disediakan oleh perusahaan.
 • Manfaat Kematian – Nilai kini dari manfaat yang akan diberikan kepada ahli waris jika karyawan meninggal sebelum pensiun.
 • Manfaat Cacat Permanen – Nilai kini dari kewajiban perusahaan jika karyawan mengalami kecacatan permanen.
 • Manfaat Pengunduran Diri – Nilai kini dari manfaat yang akan diberikan kepada karyawan yang berhenti sebelum pensiun.

Catatan: Mengingat ini adalah estimasi, jadi jumlah aktual yang diterima oleh karyawan di masa mendatang mungkin berbeda tergantung pada berbagai faktor, termasuk kinerja investasi, perubahan dalam ketentuan pensiun, dan lainnya. Estimasi ini membantu perusahaan dalam memastikan bahwa ada kecukupan dana untuk memenuhi kewajiban di masa depan."
Apa tingkat diskontonya menggunakan single rate atau multiple rate?;"Untuk karyawan tetap, penetapan diskonto menggunakan multiple rate, dimana besarannya akan berbeda untuk setiap karyawan yang ditentukan berdasarkan rata-rata sisa masa kerja yang diprakirakan untuk setiap karyawan, sedangkan untuk penyajiannya dalam laporan menggunakan tingkat diskonto setelah perhitungan durasi rata-rata tertimbang menggunakan Macaulay Duration.
Sedangkan untuk karyawan kontrak, menggunakan rata-rata diskonto yang diperoleh dari interpolasi sisa masa kerja setiap karyawan."
Mengapa ada perhitungan aktuaria untuk laporan di tahun berjalan, baru bisa dilakukan di awal tahun berikutnya?;"Perhitungan aktuaria mengandalkan tingkat diskonto yang biasanya didasarkan pada yield obligasi pemerintah per tanggal valuasi (misalnya 31 Desember 2024). Namun, data resmi tingkat diskonto ini baru tersedia di awal tahun berikutnya (Januari 2025). Untuk kebutuhan internal, perusahaan dapat menggunakan estimasi tingkat diskonto sementara (misalnya per 30 November), tetapi hasil akhir tetap harus diperbarui setelah data resmi tersedia. 
Kami mengacu kepada spot rate yang dikeluarkan oleh pemerintah melalui PHEI (PT Penilai Harga Efek Indonesia) setiap bulannya. Hal ini dilakukan agar kewajiban imbalan kerja mencerminkan nilai wajar sesuai PSAK 219."
Berapa suku bunga diskonto yang digunakan dalam perhitungan aktuaria untuk tahun valuasi?;Suku bunga diskonto bervariasi tergantung pada kebijakan perusahaan dan regulasi yang berlaku, karena tidak ada standar tunggal yang berlaku di tiap tahun valuasi untuk semua entitas. 
Apa risiko jika perhitungan aktuaria dilakukan menggunakan estimasi tingkat diskonto sebelum data resmi dirilis?;Risiko utamanya adalah perbedaan antara hasil estimasi dan hasil akhir setelah tingkat diskonto resmi dirilis. Jika selisihnya signifikan, laporan keuangan bisa dianggap tidak mencerminkan kewajiban sebenarnya, berpotensi mendapat catatan audit dan menurunkan kepercayaan pemangku kepentingan. Akibatnya, perusahaan harus merevisi laporan dan menghadapi keterlambatan pelaporan ke regulator dan pemegang saham.
Bagaimana jika terdapat realisasi pembayaran untuk karyawan yang sebelumnya belum masuk pada perhitungan IPK?;Pembayaran tersebut tetap diakui dalam perhitungan tahun berjalan. Namun, karena karyawan tersebut tidak termasuk dalam perhitungan IPK sebelumnya, maka nominalnya langsung diakui sebagai biaya jasa lalu.
Apakah data dan kenaikan gaji karyawan kontrak yang diangkat menjadi karyawan tetap tetap perlu dihitung?;Ya, data ini perlu dicatat dan dihitung. Informasi kenaikan gaji untuk karyawan yang diangkat menjadi karyawan tetap sangat penting untuk memperkirakan kewajiban imbalan pasca kerja di masa depan. Perubahan status dari kontrak ke tetap juga dapat memengaruhi asumsi aktuaria terkait kenaikan gaji rata-rata dan durasi masa kerja.
Apakah dasar gaji yang digunakan untuk menghitung imbalan kerja mencakup gaji pokok, tunjangan tetap, dan PPh?;"Dasar gaji yang digunakan dalam perhitungan imbalan kerja bergantung pada kebijakan perusahaan dan regulasi ketenagakerjaan yang berlaku. Secara umum, dalam perhitungan aktuaria sesuai PSAK 219, yang digunakan sebagai dasar adalah Gaji Pokok + Tunjangan Tetap.

• Gaji Pokok → Komponen utama yang diperhitungkan dalam manfaat pasca kerja.
• Tunjangan Tetap → Tunjangan yang diberikan secara rutin, nilainya tetap dan tidak bergantung pada kehadiran atau kinerja, seperti tunjangan jabatan, tunjangan keluarga, atau tunjangan fungsional.
•  PPh 21 (Pajak Penghasilan Pasal 21) → tidak dimasukkan dalam data perhitungan imbalan kerja. Jika PPh 21 ditanggung oleh Perusahaan, maka perhitungan manfaat akan di gross up sesuai dengan ketentuan PPh 21."
Bagaimana menangani karyawan dengan struktur gaji yang berbeda, seperti tanpa tunjangan tetap?;"Apabila ada kondisi, misalnya:
 • Karyawan A: Hanya memiliki gaji pokok → perhitungan aktuaria berdasarkan gaji pokok.
 • Karyawan B: Memiliki gaji pokok + tunjangan tetap (misalnya tunjangan transportasi) → perhitungan mencakup keduanya.

Pendekatan ini memastikan kewajiban imbalan kerja sesuai dengan kebijakan perusahaan dan menghindari kesalahan perhitungan."
Apakah tunjangan variabel juga perlu dihitung jika menjadi bagian dari total gaji pada beberapa karyawan?;"Tunjangan variabel, seperti bonus tahunan atau insentif berbasis kinerja, umumnya tidak dihitung dalam perhitungan aktuaria imbalan kerja karena sifatnya tidak tetap dan tidak bisa diproyeksikan secara konsisten.

Namun, jika perusahaan secara jelas menyatakan bahwa tunjangan variabel ini termasuk dalam perhitungan imbalan pasca kerja, maka harus dimasukkan dalam total gaji.

Contoh:
Jika bonus hanya diberikan berdasarkan kinerja tahunan tanpa ada ketentuan dalam kontrak kerja sebagai tunjangan tetap, maka bonus tersebut tidak perlu dimasukkan dalam perhitungan PSAK 219."
Apakah tingkat dan rata-rata kenaikan gaji dihitung dari Gaji Pokok saja atau Total Gaji (gaji pokok + tunjangan tetap)?;"Tingkat dan rata-rata kenaikan gaji sebaiknya dihitung berdasarkan Total Gaji, yang mencakup Gaji Pokok ditambah dengan Tunjangan Tetap. Hal ini karena PSAK 219 mendefinisikan imbalan kerja berbasis pada komponen-komponen yang berkontribusi terhadap kewajiban. Tunjangan tetap adalah bagian dari total kompensasi yang relevan untuk perhitungan kewajiban imbalan pasca kerja.

Diketahui:
Seorang karyawan memiliki Gaji Pokok sebesar Rp10.000.000 dan Tunjangan Tetap Rp2.000.000. Total Gaji: Rp12.000.000.
Setelah satu tahun, Gaji Pokok naik menjadi Rp11.000.000, dan Tunjangan Tetap tetap Rp2.000.000. Total Gaji Baru: Rp13.000.000.

Pertanyaan:
Berapa tingkat kenaikan gaji berdasarkan Gaji Pokok?
Berapa tingkat kenaikan gaji berdasarkan Total Gaji?

Jawaban:
• Tingkat Kenaikan Gaji Pokok:
Tingkat Kenaikan = (Gaji Pokok Baru − Gaji Pokok Lama) / Gaji Pokok Lama × 100%
Tingkat Kenaikan = (11.000.000 − 10.000.000) / 10.000.000 × 100%
Tingkat Kenaikan = 10%

• Tingkat Kenaikan Total Gaji:
Tingkat Kenaikan = (Total Gaji Baru  − Total Gaji Lama) / Total Gaji Lama × 100%
Tingkat Kenaikan = (13.000.000 − 12.000.000) / 12.000.000 × 100%
Tingkat Kenaikan = 8,33%

Total gaji lebih relevan karena imbalan pasca kerja seperti pesangon atau manfaat pensiun sering dihitung berdasarkan gaji terakhir yang mencakup gaji pokok dan tunjangan tetap. Jika hanya menggunakan gaji pokok, perhitungan bisa menjadi undervalued."
Apakah data karyawan yang mengundurkan diri tetap harus dicatat, meskipun mereka tidak dihitung dalam jumlah total karyawan untuk perhitungan?;Ya, data mereka tetap perlu dicatat dalam file template excel. Hal ini penting untuk mendokumentasikan movement (perubahan status) karyawan, seperti pengunduran diri, sehingga aktuaris dapat melacak perubahan populasi karyawan dari waktu ke waktu. Data ini juga relevan untuk perhitungan terkait biaya jasa lalu atau curtailment, apabila ada kompensasi yang diberikan pada saat pengunduran diri.
Jika jumlah karyawan bertambah tetapi liabilitas dari perhitungan aktuaria lebih kecil dibandingkan tahun sebelumnya, bagaimana cara memastikan Uang Penghargaan Hak (UPH) sudah dihitung dengan benar?;Dalam perhitungan manfaat UUK, jika jumlah karyawan bertambah tetapi liabilitas lebih kecil dibanding tahun sebelumnya, perlu dipastikan bahwa Uang Penghargaan Hak (UPH) sudah dimasukkan dalam formula 15% x (Pesangon + Penghargaan Masa Kerja). Seringkali, laporan aktuaria sebelumnya hanya menyebutkan total perhitungan tanpa secara eksplisit menuliskan UPH secara terpisah. Oleh karena itu, penting untuk memeriksa kembali perumusan manfaat guna memastikan UPH sudah diperhitungkan dengan benar dalam kewajiban aktuaria.
Bagaimana menangani data gaji karyawan dalam perhitungan imbalan kerja, terutama dengan adanya kenaikan gaji di bulan tertentu sesuai PP No. 5 Tahun 2024?;Dalam perhitungan aktuaria, yang digunakan adalah gaji posisi valuasi (misalnya, Desember 2024) karena mencerminkan kondisi laporan keuangan. Jika ada kenaikan gaji di bulan tertentu tahun 2025,  maka sesuai PP No. 5 Tahun 2024, data tersebut tidak langsung digunakan dalam perhitungan kewajiban, tetapi tetap relevan untuk memvalidasi asumsi kenaikan gaji di masa depan. Meskipun gaji Desember menjadi dasar utama, data kenaikan gaji Februari bisa diberikan sebagai tambahan untuk analisis lebih lanjut, seperti mengevaluasi dampaknya terhadap kewajiban atau menyesuaikan asumsi aktuaria. 
Bagaimana penjelasannya jika jumlah karyawan berkurang dan asumsi kenaikan gaji tidak signifikan, namun alokasi biaya justru meningkat cukup besar?;"1. Karyawan tetap: Dalam perhitungan aktuaria, kenaikan gaji menjadi salah satu faktor utama yang meningkatkan nilai kewajiban, karena estimasi manfaat di masa depan bergantung pada besaran gaji terakhir karyawan. Maka dari itu, beban imbalan kerja tetap bisa meningkat walau jumlah karyawannya berkurang.
2. Karyawan kontrak: Terdapat perbedaan antara asumsi awal dan realisasi, baik dari sisi kenaikan gaji maupun komposisi data karyawan. Beberapa kemungkinan penyebab lonjakan biaya di antaranya:
  • Penambahan jumlah karyawan kontrak.
  • Bertambahnya masa kerja rata-rata yang berpengaruh pada nilai manfaat.
  • Perubahan asumsi atau parameter aktuaria seperti tingkat diskonto atau tingkat keluar-masuk karyawan.
  • Penggunaan data aktual menggantikan estimasi yang sebelumnya lebih rendah.

Rekomendasi: Melakukan pengecekan kembali terhadap data gaji tahun sebelumnya, apakah saat itu sudah mencakup seluruh komponen tetap yang relevan. Jika sebelumnya hanya menggunakan gaji pokok sebagai dasar perhitungan, maka hasil perhitungan tahun tersebut kemungkinan terlalu rendah. Ketika datanya diperbaiki di tahun berikutnya menggunakan total gaji, maka kenaikan hasil perhitungan adalah hal yang wajar."
"Apabila basis perhitungan dengan diketahui data:

Rata-rata kenaikan gaji:
1. Karyawan Tetap:
2023: Rp 9.304.058
2024: Rp 10.096.908 (kenaikan sekitar 8,52%)

2. Karyawan Kontrak:
2023: Rp 5.236.600
2024: Rp 5.297.424 (kenaikan sekitar 1,16%)

Untuk karyawan tetap tahun 2023 ke 2024 mengalami penurunan 1 orang tetapi perhitungannya mengalami kenaikan.
Untuk karyawan kontrak dengan asumsi kenaikan sekitar 1,16% dibanding dengan tahun 2023 dengan asumsi kenaikan 3% tetapi hasil alokasi biayanya meningkat cukup signifikan ke 1,64 Miliar.

Bagaimana penjelasannya?";"1. Karyawan Tetap:
Meskipun jumlah karyawan tetap berkurang 1 orang, nilai rata-rata kenaikan gaji meningkat sekitar 8,52%, dari Rp9,3 juta ke Rp10 juta. Hal ini menyebabkan total beban imbalan kerja tetap meningkat, walaupun headcount turun. Dalam perhitungan aktuaria, kenaikan gaji memiliki pengaruh besar, terutama karena:
• Proyeksi kewajiban dihitung berdasarkan gaji masa depan.
• Kenaikan 8,52% cukup tinggi dan akan berdampak pada nilai kini (present value) kewajiban.

2. Karyawan Kontrak:
Ada perbedaan antara asumsi awal (kenaikan gaji 3%) dan aktual (kenaikan hanya 1,16%), tetapi hasil alokasi biaya meningkat ke Rp1,64 Miliar.
Kemungkinan penyebabnya:
• Ada penambahan jumlah karyawan kontrak yang signifikan.
• Masa kerja atau usia karyawan kontrak bertambah → meningkatkan nilai manfaat.
• Terjadi perbedaan asumsi aktuaria atau parameter lain (misalnya tingkat diskonto, turnover, dan lainnya) antara 2023 dan 2024.
• Atau, penggunaan parameter aktual menggantikan asumsi estimasi (misal: realisasi lebih besar dari ekspektasi).

Rekomendasi: Perlu dilakukan pengecekan ulang terhadap data penghasilan tahun 2023 – apakah saat itu sudah mencakup seluruh komponen tetap yang relevan dengan manfaat pasca kerja. Bila hanya gaji pokok yang digunakan, maka perlu dilakukan rekonsiliasi dan normalisasi data untuk memastikan konsistensi tahun ke tahun.

Jika benar tahun 2023 hanya memakai gaji pokok sebagai basis valuasi, maka perhitungan manfaat tahun tersebut understated (terlalu rendah). Saat data 2024 diperbaiki dengan total gaji, wajar jika manfaat melonjak."
Apakah realisasi untuk PHK di tahun berjalan harus tetap dihitung?;"Tidak selalu. Jika karyawan sudah di-PHK dan manfaat pesangonnya sudah dibayar penuh sebelum tanggal valuasi, maka tidak perlu dimasukkan dalam perhitungan aktuaria karena kewajibannya sudah direalisasikan. Namun, jika manfaatnya belum dibayar penuh, maka tetap harus dihitung dalam valuasi aktuaria sebagai bagian dari kewajiban perusahaan.

Contoh: Karyawan A di-PHK pada 1 Juli 2024 dan dibayar pesangon sebesar Rp 150 juta pada tanggal 5 Juli 2024.
→ Karena pembayaran sudah dilakukan dan tercatat, maka tidak perlu dimasukkan dalam PVDBO per tanggal valuasi 31 Desember 2024."
Mengapa PVDBO bisa sangat besar walaupun hanya untuk sedikit jumlah karyawan?;"PVDBO tergantung pada usia, masa kerja, dan gaji karyawan, bukan hanya jumlah orang. Karyawan yang mendekati pensiun dengan gaji tinggi dan masa kerja panjang akan memiliki nilai DBO yang besar karena manfaatnya lebih besar dan waktunya lebih dekat.

Contoh:
Dua karyawan berusia 58 dan 60, masing-masing bergaji Rp50 juta/bulan dan masa kerja >20 tahun.
Jika pesangon dihitung 2 x gaji x masa kerja, maka total kewajiban bisa mencapai >Rp 1 M, didiskontokan menjadi PVDBO sekitar Rp 800 juta – Rp 1 M, tergantung asumsi diskonto dan mortalita.
→ Walau hanya dua orang, nilainya bisa besar jika profil mereka ""mahal""."
Apa penyebab biaya jasa lalu naik secara signifikan di tahun valuasi?;"Biaya jasa lalu muncul karena ada perubahan manfaat yang berlaku surut (retrospektif), seperti:
1. Penambahan manfaat penghargaan masa kerja
2. Perubahan skema pesangon (misalnya dari 1x ke 2x gaji)
3. Penyesuaian aturan internal (misalnya mengacu ke PP No. 35 Tahun 2021)

Jika manfaat tersebut bersifat vested (tidak dapat ditarik kembali), maka biayanya langsung diakui di tahun valuasi.

Contoh:
Perusahaan di tahun 2024 mengubah kebijakan: karyawan yang bekerja ≥10 tahun berhak mendapat 1x gaji tambahan saat pensiun.
(Seluruh karyawan yang sudah ≥10 tahun otomatis menciptakan biaya jasa lalu, karena hak tersebut diberikan atas masa kerja sebelumnya)
20 orang karyawan terkena dampak, rata-rata manfaat tambahan Rp20 juta → total biaya jasa lalu = Rp400 juta."
Apakah karyawan yang akan di-PHK tahun berikutnya (setelah tahun valuasi) perlu dimasukkan dalam perhitungan aktuaria?;"Ya. Perhitungan aktuaria berbasis kondisi existing per tanggal laporan (cut-off date). Jadi meskipun manajemen sudah merencanakan PHK tahun berikutnya, selama belum terjadi, belum diumumkan resmi, dan belum dibayar, maka semua karyawan aktif tetap harus dihitung.

Contoh: Perusahaan berencana merumahkan 30 orang pada Maret 2025, tetapi per tanggal valuasi 31 Desember 2024, status mereka masih aktif dan belum ada surat resmi PHK.
→ Semua 30 orang tetap harus dimasukkan dalam valuasi aktuaria per 31 Desember 2024."
Bagaimana cara aktuaris memperlakukan realisasi manfaat non-PHK (pensiun, meninggal, cacat) dalam valuasi aktuaria?;"Jika realisasi manfaat seperti pensiun atau meninggal terjadi di tahun valuasi, perlakuannya tergantung:

1. Jika manfaat sudah dibayar penuh sebelum tanggal valuasi, maka karyawan tersebut tidak masuk perhitungan valuasi.
2. Jika masih dalam proses pembayaran atau tercatat sebagai utang perusahaan, maka tetap masuk dalam perhitungan valuasi.

Contoh: Karyawan pensiun per 15 November 2024, namun pembayaran pensiunnya dijadwalkan pada Februari 2025.
→ Aktuaris akan tetap memasukkannya karena perusahaan masih punya kewajiban yang belum diselesaikan secara keuangan hingga tanggal valuasi 31 Desember 2024."
Mengapa nilai kewajiban OLTEB per tahun valuasi turun drastis dibandingkan tahun sebelumnya?;"Penurunan kewajiban OLTEB (Other Long-Term Employee Benefits) pada tahun valuasi kemungkinan besar terjadi karena:

1. Penghapusan atau penghentian program loyalitas/imbalan jangka panjang.
2. Penyesuaian kebijakan manfaat yang menyebabkan pembalikan (reversal) kewajiban masa lalu.
3. Koreksi atas data karyawan atau manfaat vested (biaya jasa lalu) yang tidak lagi berlaku.

Dalam PSAK 219, OLTEB tidak menggunakan OCI, sehingga seluruh dampak penurunan langsung dicatat sebagai pendapatan di laporan laba rugi."
Di tahun valuasi menunjukkan pendapatan aktuaria sangat besar. Apa penyebab utama hal ini?;"Terdapat dua penyebab utama:
1. Biaya jasa kini menurun tajam → bisa karena pengurangan jumlah peserta aktif atau penghapusan sebagian hak manfaat tahun berjalan.
2. Reversal besar dari biaya jasa lalu → menunjukkan penghapusan kewajiban masa lalu karena perubahan struktur program."
Apa yang dimaksud dengan Perubahan Program Manfaat?;Perubahan dalam ketentuan program imbalan kerja yang menyebabkan penyesuaian atas kewajiban, seperti perubahan formula manfaat atau syarat kelayakan.
Selain perbedaan data tanggal lahir atau mulai kerja, apakah ada perbedaan asumsi aktuaria atau metodologi yang digunakan dengan KKA sebelumnya? (PT INTRACAWOOD);"Terkait asumsi: hanya asumsi tingkat diskonto yang berubah menyesuaikan dengan tanggal valuasi.
Terkait metodologi: tidak ada perubahan, masih sama menggunakan metode PUC dengan penerapan IFRIC sesuai dengan yang diprasyaratkan PSAK.

Namun mungkin di antara KKA terdapat beberapa pendekatan yang berbeda yang digunakan dalam menentukan komponen berikut:
1. Pengakuan Usia, sebagai contoh: karyawan berusia 40 tahun 5 bulan, ada KKA yang menggunakan usia 40 tahun, ada yang menggunakan 41 tahun, sedangkan kami menggunakan interpolasi dimana kami menghitung usia 40 dan 41 lalu di interpolasi sehingga tepat di usia 40 Tahun 5 bulan. 
2. Perhitungan Peluang Hidup, dimana kami menggunakan Multiple Decrement dimana Peluang Meninggal, Peluang Sakit, Peluang Resign dan Peluang Pensiun saling keterkaitan satu sama lainnya.
3. Penerapan Bunga Diskonto, pada umumnya perhitungan menggunakan single rate dimana diambil dari rata-rata sisa masa kerja, sedangkan kami menggunakan multiple rate, dimana tiap karyawan lainnya memiliki bunga diskonto yang berbeda-beda. Sebagai contoh: apabila karyawan berusia 40 tahun, jika usia pensiun normal 56 tahun, maka bunga diskonto yang diambil adalah yield ke 16 (56-40), sedangkan apabila karyawan berusia 50 tahun, maka bunga diskonto yang diambil adalah yield ke 6 (56-50)."
Perhitungan untuk imbalan pasca kerja dimulai dari tahun karyawan pertama kali masuk kerja saat menjadi karyawan kontrak atau sudah diangkat menjadi karyawan tetap?;"Jika saat kontrak habis mendapatkan kompensasi dan baru diangkat menjadi karyawan tetap, maka menggunakan tanggal pengangkatan saat menjadi karyawan tetap. 

Namun, jika saat kontrak habis tidak dibayarkan kompensasi kepada karyawan dan langsung diangkat menjadi karyawan tetap, maka menggunakan tanggal pertama kali karyawan tersebut bergabung"
Jika ada karyawan yang diangkat menjadi direktur, apakah efeknya dalam perhitungan?;"Prinsip Umum: Umumnya direktur memang tidak dihitung dalam perhitungan aktuaria reguler. Namun, dalam prakteknya terdapat beberapa skenario yang perlu dipertimbangkan:

Skenario Perhitungan:

1. Masa Kerja Sebagai Karyawan → Direktur
Jika awalnya karyawan lalu diangkat menjadi direktur, maka masa kerja selama menjadi karyawan sampai diangkat menjadi direktur dibayarkan dulu manfaat pensiun dini. Lalu masa kerja mulai dari awal sejak diangkat menjadi direktur. Ini bisa saja manfaatnya masih mengikuti UU tapi dengan masa kerja baru atau bisa juga diatur terpisah manfaat/kompensasinya.

2. Langsung Diangkat Sebagai Direktur 
Dari awal bukan karyawan tapi langsung sebagai direktur, biasanya yang seperti ini sesuai dengan masa jabatan direksi. Apakah ada manfaat/kompensasi saat selesai menjabat diatur di perjanjian sendiri.

3. Direktur yang Ditunjuk Langsung oleh Owner 
Misal direktur ditunjuk langsung owner (misal keluarga sendiri), kami mengikuti informasi dari perusahaan. Namun, biasanya kalau owner merangkap jadi direktur ini yang tidak dihitung.

Perlakuan Aktuaria: 
Dalam praktiknya, saat karyawan diangkat menjadi Direksi maka perlu diperhitungkan sebagai pensiun dini dengan dibayarkan manfaat pensiun sesuai masa kerja dari awal bekerja sampai cut off sebelum diangkat sebagai direksi."
Lalu, apakah pensiun dini tersebut bisa dihitungkan oleh aktuaris?;Bisa, namun kembali lagi kepada manajemen ingin menggunakan perhitungan aktuaris terkait pensiun dini atau memang mengacu pada pencadangan terakhir yang sudah pernah dihitung oleh aktuaris. 
Nilai manakah dari draft aktuaria yang harus ditambahkan pada laba/rugi? (PT TPIL);"Kewajiban/(Kekayaan) atas imbalan pasca kerja pada akhir periode tercatat sebesar Rp1.672.955.217. Nilai ini juga mencerminkan total beban yang diakui dalam periode berjalan.

Beban sebesar Rp1.672.955.217 tersebut seluruhnya diakui dalam laporan laba/rugi dan terdiri dari dua komponen utama, yaitu:
•⁠  ⁠Biaya Jasa Kini sebesar Rp189.830.936, biaya/kewajiban yang timbul mulai dari 1 Januari 2024 s.d. 31 Desember 2024 (untuk satu tahun berjalan)
•⁠  ⁠Biaya Jasa Lalu sebesar Rp1.483.124.281, biaya yang seharusnya sudah dicadangkan pada tahun lalu (biaya atas kewajiban sebelumnya)"
Apa dasar penentuan rata-rata kenaikan gaji yang digunakan dalam perhitungan?;Kami mengikuti informasi yang diberikan oleh klien sesuai dengan pengalaman perusahaan. Namun, jika klien tidak mengisi, maka kami akan mengikuti tingkat inflasi yang berlaku saat ini.
Apakah bisa melakukan perhitungan untuk karyawan yang di PHK?;"Kami dapat membantu membuat perhitungan untuk karyawan yang di-PHK sesuai dengan Peraturan Perusahaan dan UU yang berlaku. Namun, untuk kebutuhan PSAK 24, adapun sebab PHK yang masuk dalam cadangan perusahaan di antaranya sebagai berikut:
 • Pensiun
 • Meninggal Dunia
 • Sakit berkepanjangan
 • Resign"
Jika ada perubahan tanggal masuk kerja karyawan, apakah mempengaruhi perhitungan pada bagian CSC?;"Perubahan data yang mempengaruhi nilai dari CSC / Biaya Jasa Kini di antaranya adalah:
 • Tanggal Lahir
 • Tanggal Masuk kerja
 • Gaji Karyawan

Perubahan pada tanggal masuk kerja mempengaruhi lama masa kerja karyawan, sehingga berpengaruh kepada perhitungan liabilitas karyawan tersebut."
Apabila pada peraturan perusahaan terdapat penjelasan secara spesifik berupa benefit yang akan didapat karyawan selama sakit dan sakit Berkepanjangan seperti upah, apakah masuk ke dalam perhitungan PSAK 24?;Jika manfaat tersebut diberikan untuk karyawan yang masih bekerja, maka tidak masuk ke dalam perhitungan. Hal tersebut dikarenakan manfaat yang dihitung dalam PSAK 24 adalah benefit untuk pasca kerja, yaitu ketika karyawan tersebut sudah tidak bekerja atau benefit ketika terjadi pemutusan hubungan kerja
Apakah indikator harus tetap ada kenaikan gaji? Dimana real nya tidak ada karena keuangan perusahaan sedang sulit / krisis;Tidak bisa, karena memang harus ada dengan minimal di angka 5%
Apakah masih diperlukan penghitungan imbalan kerja untuk perusahaan yang sudah lama tidak aktif & tak ada karyawan?;Untuk perusahaan yang sudah tidak aktif / tidak ada karyawannya, maka tidak perlu ada perhitungan imbalan pasca kerja karena imbalan tersebut muncul sebagai nilai biaya yang harus dicadangkan perusahaan ketika nanti karyawannya pensiun / resign
Untuk karyawan outsource apakah dimasukkan ke dalam perhitungan?;Tidak, biasanya karyawan outsource sudah dihitung oleh perusahaannya
Kami ada driver (supir) dengan jenis kontrak kemitraan, apakah ini juga dimasukkan ke dalam perhitungan?;Tidak, biasanya perusahaan mitra sudah melakukan perhitungan imbalan pasca kerja sendiri
Mengapa CSC naik, namun interest cost malah menurun? Sedangkan tingkat diskonto dan gaji naik dari tahun lalu sebelum valuasi, apakah ada faktor lain yang mempengaruhi interest cost?;"Faktor yang mempengaruhi interest cost, antara lain:
• Jumlah karyawan
• Rata-rata masa kerja
• Perbedaan data karyawan tahun valuasi dengan tahun sebelumnya. 

Lalu, untuk perhitungan interest cost (biaya bunga) sendiri didapatkan dengan rumus: PVDBO awal periode x Tingkat diskonto awal periode"
Apakah ada perbedaan antara tingkat kenaikan gaji aktual dengan asumsi tingkat kenaikan gaji?;Kami menggunakan asumsi estimasi sesuai yang diinformasikan dari perusahaan, asumsi kenaikan gaji yang dimaksud merupakan asumsi untuk tahun-tahun ke depannya, bukan yang lalu. Adapun jika terdapat perbedaan antara aktual dan yang diasumsikan, dampaknya akan diakui pada perubahan asumsi keuangan.
Mohon dijelaskan untuk Analisa jatuh tempo pembayaran manfaat terdiskonto atau tidak terdiskonto? ;Analisa jatuh tempo adalah pembayaran manfaat yang tidak terdiskonto
Kalau dalam ilmu aktuaria, uang duka seperti apa yang bisa masuk dan yang tidak masuk ke perhitungan aktuaria?;Uang duka / santunan duka yang masuk dalam perhitungan aktuaria, hanya uang duka yang diberikan kepada karyawan karena merupakan bagian dari manfaat meninggal untuk karyawan (termasuk imbalan pasca kerja). Sedangkan yang tidak masuk dalam perhitungan, uang duka untuk keluarga karyawan. Misalkan, bantuan kematian untuk ayah ibu dan anak, itu tidak perlu diperhitungkan.
Jika kompensasi untuk PKWT yang sudah habis kontraknya tidak dibayarkan oleh perusahaan, maka uang kompensasinya akan menggulung atau diakui sebagai pendapatan lain-lain?;Ya, uang kompensasinya akan menggulung dari awal kontrak kerja. Sedangkan jika dibayarkan kompensasinya maka tanggal masuk kerja karyawan tersebut menggunakan tanggal kontrak terbarunya.
Apakah karyawan ekspatriat dimasukkan ke dalam perhitungan?;Tidak dimasukkan ke dalam perhitungan, kecuali ada SK tersendiri / tertuang dalam kontrak kerja manfaat / kompensasi yang akan diterima jika kontrak kerja berakhir
Untuk periode perhitungan, bagaimana tahunnya?;Periode perhitungan diisi sesuai dengan periode audit perusahaan. Jika audit perusahaan dilakukan per Desember, maka perhitungan aktuaria juga dilakukan per Desember.
"Ada karyawan yang di bawah 31 tahun masuk ke dalam perhitungan employment benefit. 

Setau saya berdasarkan IFRIC update 2022, persyaratan umur karyawan tetap yang boleh diakui adalah di atas 31 tahun atau maksimal sisa masa kerja 24 tahun.

Umur pensiun di perusahaan saya 55 tahun, berarti yang masuk PEB (Provisional of Employment Benefit) seharusnya 31 tahun?";"Pertama-tama, adanya perbedaan antara Provisional Employment Benefit (PEB) dan Post Employment Benefit (Imbalan pasca kerja / IPK).

PEB
• Standar PSAK 57 / IAS 37
• Jangka pendek
• Belum pasti
• Timing selama masa kerja
• Perhitungan relatif sederhana
• Komponen PEB mencakup: estimasi bonus tahunan, kompensasi lembur, reimburse yang belum disetujui

IPK
• Standar PSAK 24 / IAS 19
• Jangka panjang
• Relatif pasti
• Timing setelah masa kerja berakhir
• Perhitungan kompleks sehingga membutuhkan aktuaris
• Komponen perhitungan IPK mencakup: manfaat pensiun normal, meninggal dunia, sakit berkepanjangan, dan mengundurkan diri , juga pesangon & kompensasi PHK)

IFRIC mengatur hanya untuk atribusi manfaat pensiun normal terkait imbalan pasca kerja. Betul, seperti yang disampaikan, persyaratan umur karyawan tetap yang boleh diakui adalah di atas 31 tahun atau maksimal sisa masa kerja 24 tahun untuk usia pensiun 55 tahun.

Berikut ketentuan manfaat berdasarkan usia karyawan. 
• Di atas 31 tahun : mencakup manfaat pensiun normal, meninggal dunia, sakit berkepanjangan, dan mengundurkan diri.
• Di bawah 31 tahun : hanya untuk manfaat meninggal dunia, sakit berkepanjangan, dan mengundurkan diri."
Apakah jenis industri perusahaan memengaruhi perhitungan imbalan pasca kerja?;Ya, Jenis industri dapat berpengaruh pada asumsi yang akan digunakan pada perhitungan imbalan pasca kerja, seperti disability rate dan withdrawal rate.
Kalau karyawan resign pada bulan desember 2024, apakah masuk ke perhitungan? karena mereka masih mendapatkan gaji prorate;"Kalau periode perhitungan per 31 Desember 2024, maka karyawan yang tidak aktif pada Desember tidak dihitung maupun dimasukkan ke laporan aktuaria.
Akan tetap dihitung jika tanggal henti kerja karyawan tersebut setelah tanggal valuasi, yaitu tahun 2025."
Kenapa di laporan aktuaria kami terdapat nilai kurtailmen?;Jika perusahaan mengeluarkan realisasi atas PHK yang dilakukan kepada karyawan, yang ada di luar dari cakupan manfaat yang diatur/dihitung dalam PSAK 24 (Pensiun, Meninggal dunia, Cacat/sakit berkepanjangan, dan Resign), maka realisasi tersebut diakui sebagai kurtailmen.
Kenapa nilai kompensasi PHK tidak dimasukkan pada realisasi pembayaran dan malah masuk ke kurtailmen?;PSAK 24 hanya menghitung manfaat pasca kerja untuk karyawan yang Pensiun, Meninggal Dunia, Cacat/sakit berkepanjangan, dan Resign. Realisasi pada PSAK 24 dimaksudkan sebagai realisasi untuk mengurangi liabilitas/kewaijban yang terbentuk hanya untuk manfaat-manfaat yang diatur dalam PSAK 24. Apabila perusahaan melakukan PHK selain dari cakupan yang dihitung dari PSAK 24, dan perusahaan tersebut memberikan realisasi atas PHK nya, maka nilai realisasi tersebut masuk dalam Kurtailment.
Kenapa angka perhitungan kami besar sedangkan karyawan kami semuanya PKWT (kontrak)? bukannya kontrak hanya 1x gaji ya kompensasinya;Untuk kompensasi, besarannya disesuaikan dengan masa kerja. Jika masa kerja 1 tahun, maka diberikan sebesar 1 kali gaji. Jika masa kerja 2 tahun, maka diberikan sebesar 2 kali gaji, begitupun seterusnya.
Berarti kalau seandainya ini karyawan permanen, angkanya liabilitasnya lebih besar mana jika dibandingkan dengan angka dari karyawan kontrak?;Hasilnya tentatif, karena untuk karyawan tetap perhitungan manfaat diproyeksikan hingga usia pensiun. Sementara untuk karyawan kontrak dengan jatuh tempo singkat, cadangan akan dibentuk penuh sekaligus dan nilainya menjadi besar di awal-awal perhitungan. Jadi nilai manfaat karyawan tetap akan lebih besar dibandingkan karyawan kontrak apabila peserta mencapai usia pensiun
Apa itu Kalkulator Manfaat Karyawan?;"
Kalkulator manfaat karyawan merupakan alat digital yang digunakan untuk menghitung dan memproyeksikan berbagai jenis manfaat karyawan beserta kewajiban perusahaan. Alat ini memberikan estimasi nilai manfaat pensiun, santunan kematian, serta manfaat jika karyawan mengalami sakit berkepanjangan atau cacat tetap.

Meskipun hasil perhitungan bersifat estimasi, perusahaan tetap memperoleh acuan nilai kewajiban berdasarkan perhitungan aktuaria yang detail, yang dihitung menggunakan data lengkap dari perusahaan. Nilai yang dihasilkan kemudian diolah dan disajikan langsung dalam bentuk buku laporan aktuaria.

Pengguna hanya perlu memasukkan data dasar, seperti nama dan tanggal lahir, lalu kalkulator akan memprosesnya dengan rumus aktuaria. Untuk melihat contoh laporan aktuaria yang lebih rinci, kami menyediakan draft laporan sesuai PSAK 24, yang dapat diakses melalui tautan berikut: https://apps.valuasiaktuaria.com/contoh_buku_psak24."
Apakah data yang saya masukkan aman dan terlindungi?;"Tentu saja. Keamanan dan privasi data pelanggan adalah prioritas utama kami. Berikut adalah langkah-langkah yang kami ambil antara lain:
 
• Enkripsi: Seluruh data dimasukkan ke dalam sistem kami dilindungi dengan enkripsi tingkat tinggi. Ini berarti bahwa informasi Bapak / Ibu disandikan dengan cara yang hanya dapat dibaca oleh sistem kami, menjadikannya sulit untuk diakses oleh pihak ketiga yang tidak sah.
 • Penghapusan Data: Kami memiliki kebijakan untuk menghapus data secara berkala. Hal ini memastikan bahwa informasi sensitif Bapak / Ibu tidak disimpan lebih lama dari yang diperlukan dan mengurangi risiko kebocoran data.
 • Penggunaan Data Terbatas: Meskipun kami menyimpan beberapa informasi seperti nama, nomor telepon, dan alamat email Bapak / Ibu untuk kebutuhan komunikasi di masa mendatang, kami tidak akan menggunakan data tersebut untuk tujuan lain tanpa persetujuan Bapak / Ibu. Data ini hanya akan digunakan untuk komunikasi relevan.
 • Keamanan Infrastruktur: Infrastruktur IT kami dilindungi oleh protokol keamanan canggih dan firewall terbaru untuk melindungi terhadap ancaman eksternal, seperti serangan hacker atau malware.

Jika Anda memiliki pertanyaan atau kekhawatiran lebih lanjut mengenai keamanan data, jangan ragu untuk menghubungi kami."
Informasi apa saja yang perlu saya masukkan ke dalam kalkulator?;"Untuk menggunakan kalkulator manfaat karyawan, perlu memasukkan beberapa informasi dasar karyawan dan perusahaan, yaitu:
1. Nama Karyawan
2. Besaran Pendapatan/Gaji Bulanan
3. Tanggal Lahir
4. Tanggal Mulai Kerja
5. Usia Pensiun
6. Tanggal Valuasi
7. Nama Perusahaan
8. Alamat Email untuk diskusi lebih lanjut
9. Nomor Telepon untuk diskusi lebih lanjut"
Dapatkah saya menggunakan kalkulator ini untuk memprediksi kebutuhan manfaat karyawan di masa mendatang?;"Tentu, kalkulator manfaat karyawan ini dirancang untuk memberikan gambaran awal mengenai estimasi manfaat karyawan pada saat tertentu. Namun, ada beberapa hal yang perlu dipertimbangkan:
1. Estimasi Awal: Sebagai alat berbasis kecerdasan buatan, kalkulator ini mampu menghasilkan estimasi berdasarkan data yang dimasukkan. Estimasi ini memberikan gambaran umum tentang potensi kewajiban manfaat karyawan perusahaan terkait.
2. Keunikan Setiap Perusahaan: Setiap perusahaan memiliki karakteristik dan kebutuhan yang masing-masing. Faktor-faktor seperti demografi karyawan, struktur gaji, kebijakan pensiun, dan lainnya mempengaruhi kalkulasi manfaat karyawan. Oleh karena itu, meskipun kalkulator ini dapat memberikan gambaran awal, disarankan untuk berdiskusi lebih lanjut dengan kami untuk mendapatkan analisis yang lebih dalam dan sesuai dengan kebutuhan perusahaan Anda.
3. Diskusi Mendalam: Untuk mendapatkan gambaran yang lebih akurat tentang kewajiban manfaat karyawan di masa mendatang, kami menyarankan Bapak/Ibu untuk berdiskusi langsung dengan tim kami. Hal ini untuk dapat memahami lebih dalam tentang kebutuhan, harapan, dan kondisi perusahaan Anda sehingga dapat memberikan solusi dan perhitungan yang tepat."
Bagaimana saya bisa memahami hasil perhitungan yang diberikan?;"Dalam konteks manfaat karyawan, memang memerlukan pemahaman hasil perhitungan aktuaria yang mendalam. Langkah-langkah untuk memudahkan pemahaman hasil perhitungan dari kalkulator:
1.Memahami Dasar Perhitungan:
Estimasi Manfaat Karyawan: Ini adalah proyeksi nilai yang akan diterima karyawan saat manfaat jatuh tempo, seperti pensiun, meninggal dunia, atau sakit berkepanjangan, berdasarkan data karyawan dan peraturan yang berlaku di perusahaan terkait.
Nilai Kini Kewajiban Perusahaan: Ini adalah proyeksi cadangan yang harus dicadangkan perusahaan untuk memenuhi kewajiban masa depan terhadap karyawan, membantu dalam perencanaan keuangan dan memastikan kesiapan dana.
2. Memahami Peraturan Perusahaan dan Peraturan Pemerintah yang berlaku: Setiap perusahaan memiliki peraturan dan ketentuan sendiri terkait manfaat karyawan. Juga, peraturan pemerintah yang berlaku membantu memahami dasar dan asumsi dalam perhitungan manfaat.
3. Melakukan konsultasi dengan Tim Ahli KKA: Jika memiliki pertanyaan, bisa segera dikonsultasikan langsung dengan tim ahli KKA. kami dapat memberikan penjelasan lebih rinci dan memandu perusahaan pada setiap aspek perhitungan.

Dengan langkah-langkah di atas, pihak perusahaan akan lebih siap untuk memahami dan memanfaatkan hasil perhitungan yang diberikan oleh kalkulator manfaat karyawan untuk kepentingan perusahaan terkait."
Apakah tanggal laporan dan nomor laporan yang sudah final sama dengan tanggal laporan dan nomor laporan draft laporan yang telah dikirimkan?;Ya, untuk tanggal dan nomor laporan tidak ada perubahan
Jika draft laporan sudah sesuai, apakah tahapan selanjutnya?;Tahapan selanjutnya adalah proses finalisasi laporan. Jika laporan sudah disetujui oleh manajemen dan auditor maka bisa dilakukan finalisasi dengan menandatangani lembar terakhir draft yang tim Nirmala kirimkan. Jika sudah ditandatangani, mohon dikirimkan kembali kepada tim Nirmala berupa softcopy-nya saja
Apakah kami mendapatkan hardcopy laporan?;Ya, akan mendapatkan hardcopy laporan sebanyak 2 rangkap
Kapan hardcopy laporan kami dapat dikirimkan?;Proses cetak hardcopy memakan waktu paling lambat H+7 hari kerja sejak kami mengirimkan softcopy laporan final, jika sudah melewati H+7 hari kerja mohon untuk segera menghubungi kami kembali
Apakah bisa dikirimkan invoice asli bermaterai untuk proses pembayaran kami?;Bisa, invoice asli, kuitansi bermaterai (jika harga lebih dari Rp5 juta) dan faktur pajak akan dikirimkan bersamaan dengan hardcopy laporan setelah finalisasi laporan
Apakah bisa dikirimkan dahulu invoice asli bermaterai terpisah dengan hardcopy laporan?;Bisa, akan kami kirimkan invoice asli, kuitansi bermaterai (jika harga lebih dari Rp5 juta) dan faktur pajak. Namun, pembayaran harus dilakukan maksimal sesuai dengan jatuh tempo yang ada dalam invoice (NIRMALA)
Berapa lama waktu untuk proses perhitungan?;Perhitungan membutuhkan waktu 1 hari kerja, dengan ketentuan bahwa data sudah dinyatakan lengkap oleh tim teknikal Nirmala sebelum jam 11 siang hari yang sama, maka draft perhitungan sudah bisa diterima esok harinya
Bagaimana dengan Term of Payment (TOP) yang berlaku?;Kami menggunakan sistem DP sebesar 25% di awal setelah penawaran disetujui dan pelunasan saat ingin melakukan finalisasi laporan & faktur pajak akan kami berikan setelah pembayaran dilakukan (NIRMALA)
Selain laporan aktuaria, apakah yang akan kami dapatkan?;Selain laporan, klien akan mendapatkan rincian perhitungan masing-masing karyawan dan sampling perhitungan (jika memang dibutuhkan).
Apakah bisa dikirimkan penawaran aktuaria untuk perusahaan kami?;"Bisa, namun untuk penawaran kami membutuhkan beberapa informasi perusahaan. Mohon dapat dilengkapi informasi di bawah ini Bapak / Ibu, terima kasih.   
1.⁠ ⁠Nama perusahaan
2.⁠ ⁠Alamat lengkap perusahaan
3.⁠ ⁠Jenis karyawan yang perlu dihitung (Tetap/Kontrak/keduanya) beserta jumlah karyawan
4.⁠ ⁠Perhitungan yang diinginkan, misal PSAK 24 atau ETAP
5.⁠ ⁠Periode perhitungan yang diinginkan, misal hanya periode 2022 saja
6.⁠ ⁠Nama KAP perusahaan
7.⁠ ⁠Apakah sudah pernah dihitung oleh konsultan aktuaria tahun sebelumnya? Jika sudah, mohon disebutkan KKAnya.
8.⁠ ⁠Kontak PIC (nama, no hp dan email)
9.⁠ ⁠Darimana Bapak / Ibu tahu informasi tentang kami? (website/iklan social media/lainnya?)
10.⁠ ⁠Apakah ada Dana Pensiun Lembaga Keuangan selain BPJS?
11.⁠ ⁠Apakah ada Imbalan Kerja Jangka Panjang Lainnya (Other Long-term Benefits), seperti Manfaat Cuti Besar, Penghargaan Masa Bakti/ Kerja, Penghargaan berupa Emas, dan lainnya (sebutkan, jika ada)?"
Apakah bisa dibantu melakukan perhitungan untuk karyawan yang resign / pensiun tanpa mengeluarkan laporan aktuaris? karena hanya untuk saya sendiri;Bisa, namun hanya akan dibantu hitung oleh salah satu dari tim kami bukan dari Kantor Konsultan Aktuaria. Lain hal, jika memang perusahaan yang membutuhkan perhitungan tersebut untuk pencadangan imbalan pasca kerja seluruh karyawannya, maka bisa kami bantu dengan lisensi dari Kantor Konsultan Aktuaria.
Apakah aktuaris akan membantu melakukan pencatatan pada laporan keuangan atau hanya memberikan angka saja?;Tidak, untuk pencatatan silakan dikoordinasikan dengan auditor karena kami hanya melakukan perhitungan imbalan pasca kerja saja dan angka tersebut biasanya digunakan oleh auditor dalam melakukan audit laporan keuangan perusahaan agar menjadi wajar tanpa pengecualian
Apakah bentuk hasil perhitungan yang nanti diberikan kepada kami?;Bentuk hasilnya berupa laporan, sama halnya seperti auditor yang menerbitkan laporan hasil auditnya
Kami ingin revisi laporan yang sudah difinalkan karena saran dari auditor, apakah bisa dibantu?;Laporan yang sudah final tidak dapat direvisi dan akan dikenakan biaya 50% jika ada revisi setelah final. Jika memang mengharuskan melakukan revisi laporan final, maka hardcopy laporan final yang sudah diterima sebelumnya harap dikirimkan kembali ke kantor kami.
Terkait rata-rata kenaikan gaji, apakah bisa diubah persentasenya jika memang kenyataannya tidak sebesar itu?;Bisa kami ubah, namun perusahaan harus memberikan surat pernyataan resmi terkait rata-rata kenaikan gaji tersebut. Untuk surat bisa kami bantu kirimkan template suratnya untuk dilengkapi oleh perusahaan.
Apakah bisa dibantu untuk perhitungan proyeksi di tahun berikutnya?;Bisa, namun untuk proyeksi perhitungan akan kami berikan dalam file terpisah yaitu berupa file excel yang berisikan tabel 1-5
Apakah draft perhitungan bisa dilakukan revisi jika ada data yang tidak sesuai?;Bisa, namun untuk revisi kami tidak menjanjikan 1 hari kerja melainkan untuk revisi sesuai dengan kompleksitas revisinya dan paling cepat H+7 hari kerja kami kirimkan hasil revisinya
Perusahaan kami saat ini sedang restrukturisasi jadi karyawan kami banyak yang di PHK, dan sudah kami bayarkan pesangonnya. Apakah nilainya bisa disesuaikan dengan nilai yang sudah kami keluarkan?;Bisa kami sesuaikan, namun ada beberapa dokumen pendukung yang kami perlukan. Seperti SK pemberian pesangon kepada karyawan yang di-PHK, dan dokumen pendukung lainnya
Apakah bisa dibantu perhitungannya hanya 1 tahun saja jadi tidak sampai usia pensiun? karena perusahaan kami ingin dibubarkan tahun depan;Bisa kami sesuaikan, namun ada beberapa dokumen pendukung yang kami perlukan. Seperti surat keterangan dari perusahaan, dan dokumen pendukung lainnya.
Gaji yang digunakan menjadi dasar perhitungan, diisi gaji saja atau sama tunjangan tetap?;Jika memang ada tunjangan tetap, akan dimasukkan juga ke dalam perhitungan. Nanti pada file excel terkait data karyawan gaji dan tunjangan tetap berada di kolom terpisah sehingga bisa diisi pada masing-masing kolom.
Pada file template excel terkait data karyawan, kolom besarnya pembayaran diisi komponen apa saja?;⁠⁠Kolom besar pembayaran, diisi pesangon atau kompensasi yang diberikan perusahaan kepada karyawan yang telah resign atau pensiun, jika tidak ada maka bisa dikosongkan saja
Apa yang dimaksud DPLK dan apa yang dilengkapi pada template excel terkait data perusahaan kolom DPLK (Iuran dari Perusahaan / Iuran dari Karyawan) diisi komponen apa?;DPLK merupakan Dana Pensiun Lembaga Keuangan yang dibentuk oleh bank atau perusahaan asuransi jiwa untuk menghimpun dana pensiun karyawan perusahaan. Untuk kolom DPLK baik Iuran Perusahaan maupun Karyawan diisi jika perusahaan memiliki Dana Pensiun selain BPJS, seperti dana pensiun yang dikelola oleh bank atau perusahaan asuransi, biasanya ada iuran yang dibayarkan tiap bulan oleh perusahaan kepada perusahaan tersebut. Namun, jika perusahaan hanya memiliki BPJS, maka bisa dikosongkan.
Apakah bisa dikirimkan laporan aktuarianya dalam bentuk file docx bukan pdf?;Mohon maaf, untuk softcopy kami hanya mengirimkan berupa pdf saja karena sudah menggunakan sistem.
Jika auditor kami membutuhkan tabel discount rate yang digunakan untuk kertas kerja mereka, apakah bisa dikirimkan?;Bisa, akan kami kirimkan discount rate yang kami gunakan dalam perhitungan. Namun, mohon tidak disebarluaskan karena discount rate ini kami peroleh dengan berlangganan di PHEI.
Jika karyawan sudah tidak aktif karena mutasi ke unit lain, maka dimasukkan sebagai apa statusnya?;Jika mutasi pindah ke entitas lain maka dianggap henti kerja di PT mutasi nya dan dibuat aktif di PT tujuan, dengan tanggal masuk adalah tanggal masuk di PT tujuan
Berdasarkan draft laporan aktuaria, kami mencatat bahwa pada tahun 2025 terdapat karyawan yang akan pensiun. Berdasarkan tabel analisa jatuh tempo pembayaran manfaat berikut, terdapat jumlah pesangon yang akan dibayarkan. Mohon informasikan kepada kami apakah jumlah pesangon tersebut sudah dikonfirmasi akan dibayarkan oleh Perusahaan pada tahun 2025?;Tabel tersebut hanya memuat estimasi nilai pembayaran manfaat pensiun (tanpa faktor nilai kini) hingga seluruh karyawan pada perusahaan mencapai usia pensiun. Adapun realisasi apakah pembayaran tersebut akan dilakukan atau tidak, kami tidak memperoleh informasi tersebut dan silakan dikoordinasikan langsung dengan manajemen perusahaan.
Terkait dengan tabel analisa jatuh tempo pembayaran manfaat tersebut, apakah tidak ada pemisahan untuk porsi lancar dari liabilitas imbalan kerja berdasarkan tanggal jatuh tempo pembayaran manfaat?;Kami bisa lampirkan terkait liabilitas jangka pendek untuk imbalan kerja berdasarkan tanggal jatuh tempo pembayaran manfaat serta rincian liabilitas untuk masing-masing karyawan. Mohon dapat diinfokan nama perusahaan dan email aktif agar dapat kami kirimkan segera.
Terdapat selisih antara jumlah karyawan yang ada di SPT dan dengan laporan aktuaria, apakah selisih tersebut merupakan karyawan yang di bawah 32 tahun sehingga tidak dihitung sesuai DSAK IAI terbaru?;"Kami mengikuti data dan informasi yang diberikan kepada kami. Untuk hal ini, mohon dikoordinasikan dengan PIC yang mengirimkan data kepada kami agar dapat dicocokkan dengan data yang dimaksud. 

Adapun informasi tambahan bahwa kami tidak pernah meminta laporan SPT perusahaan, karena perusahaan melakukan input data sesuai dengan template yang telah kami sediakan."
Apakah benefit paid yang dibayarkan sudah sesuai dengan data accounting yang tercatat di trial balance? Mohon bantuannya untuk mengirimkan list-nya dan Mohon diberikan dokumen pendukung nya misalnya: jurnal voucher dan persetujuan pemberian pesangon dan dokumen terkait lainnya.;Kami hanya diberikan angka sesuai dengan informasi dari perusahaan, mohon untuk berkoordinasi langsung dengan manajemen perusahaan terkait data tersebut.
Apakah kantor jasa aktuaria dan aktuaris sudah terdaftar dan mendapatkan ijin dari Pusat Pembinaan Profesi Keuangan (PPPK) Kementerian Keuangan?;Ya, kami sudah mendapatkan ijin dari PPPK
Apakah kantor jasa aktuaria dan aktuaris tidak berada dalam sanksi administratif yang dikenakan oleh PPPK? ;Tidak, kami tidak berada dalam sanksi administratif dari PPPK
Kualifikasi dari aktuaris dan penandatangan, termasuk tahun pengalaman – satu tim yang sama?;Ya, dalam satu tim yang sama
Lingkup pekerjaannya, apakah perlu mengumpulkan data langsung ke lapangan bertemu dengan manajemen atau seperti apa?;Data dan informasi yang digunakan untuk perhitungan kami terima dari manajemen perusahaan tanpa melakukan survey lapangan. Sehingga keakuratan dan keaslian data di bawah tanggung jawab manajemen perusahaan. Lalu, untuk data sendiri kami memiliki template yang harus dilengkapi oleh perusahaan dan jika sudah dilengkapi bisa dikirimkan kepada kami melalui email.
Penjelasan mengenai karyawan kontrak dimasukkan dalam perhitungan aktuaria?;Untuk ini, kami menyesuaikan dengan informasi yang diberikan oleh perusahaan, silakan dikoordinasikan kembali dengan perusahaan
Apakah untuk proses perhitungan dengan KKA baru harus berkomunikasi kembali dengan KKA sebelumnya?;Tidak perlu, untuk perhitungan kami hanya membutuhkan laporan aktuaria tahun sebelumnya jika sudah pernah melakukan perhitungan
Apakah ada kepentingan langsung atau tidak langsung dalam manajemen perusahaan klien?;Tidak ada
Kami sudah melakukan perhitungan secara internal, namun kami membutuhkan lisensi aktuaris agar laporan keuangan kami WTP (Wajar Tanpa Pengecualian). Apakah bisa dibantu menghitung namun disesuaikan dengan nilai yang sudah kami cadangkan secara internal?;"Sebagai Kantor Konsultan Aktuaria, kami berkewajiban memastikan bahwa hasil perhitungan yang kami tanda tangani:
- Berdasarkan metodologi yang objektif, akurat, dan sesuai standar profesi (SPAI, PSAK 24, dan IAS 19).
- Menggunakan asumsi yang wajar dan dapat dibuktikan (justifiable assumptions), bukan sekadar menyesuaikan dengan hasil internal klien.

Kami dapat mempertimbangkan hasil internal perusahaan sebagai referensi awal, namun tetap:
 • Kami perlu melakukan verifikasi atas data, asumsi, dan metode yang digunakan.
 • Jika hasil perhitungan internal tidak sesuai standar, kami wajib melakukan penyesuaian, walaupun itu berarti hasil akhirnya mungkin berbeda dari cadangan yang sudah dibukukan perusahaan."
Jika ada satu karyawan keluar dan masuk di tahun yang sama bagaimana?;Jika karyawan tersebut keluar dan mendapatkan uang kompensasi, maka tanggal masuk kerjanya menggunakan tanggal terbaru dan silakan dimasukkan ke dalam file template excel data karyawan beserta nilai uang kompensasi yang diberikan pada kolom realisasi pembayaran dan tanggal henti kerjanya.
Untuk usia pensiun diisi apa?;Pada file template excel, usia pensiun biasanya berdasarkan peraturan perusahaan, jika memang tidak ada maka kami akan menggunakan usia pensiun yang ditetapkan oleh pemerintah saat ini.
Jika ada pembayaran DP, maka invoice termin 2 akan dikeluarkan kapan?;Invoice termin 2 akan kami terbitkan saat ingin melakukan finalisasi laporan/cetak hardcopy laporan
Data yang dibutuhkan dalam perhitungan, kami masukkan data karyawan aktif saja atau bagaimana?;Betul, namun jika selama periode perhitungan terdapat karyawan yang pensiun/resign dan perusahaan memberikan uang pesangon/uang kompensasi, maka mohon dimasukkan juga data karyawan tidak aktif tersebut beserta uang pesangon/uang kompensasi yang diberikan pada file template excel kolom realisasi pembayaran serta tanggal henti kerjanya
Apakah data yang dihitung imbalan pasca kerja oleh aktuaris harus sama dengan SPT yang dilaporkan perusahaan?;"Kalau data yang di SPT  :
Untuk nominal yang dilaporkan adalah THP terdiri dari gaji pokok, tunjangan tetap dan tidak tetap, bonus, THR (tunjangan hari raya), dan pendapatan lain. 

Sedangkan data perhitungan aktuaria imbalan pasca kerja hanya gaji pokok dan tunjangan yang bersifat tetap, tentunya nominalnya tidak akan sama."
Apakah bisa melakukan perhitungan namun tidak mengeluarkan report?;Bisa, kami akan bantu melakukan perhitungan melalui sistem kami dan nanti hasilnya bisa dicek pada sistem kami. Saat sudah selesai perhitungan, akan kami infokan akses masuk ke dalam sistem kami untuk melihat hasil perhitungannya
Diketahui uang penghargaan masa kerja nya 23 jutaan, dikurang DPLK 5,9 jutaan, yang diisi di pembayaran nilai sesudah atau sebelum dikurangi DPLK?;Diisi dengan nilai sesudah dikurangi DPLK
Apakah proposal penawaran dan draft perhitungan dapat diberikan dalam bahasa Inggris?;Bisa, kami akan menyediakan dokumen proposal penawaran dan draft perhitungan dalam bahasa Indonesia dan bahasa Inggris.
;
;
;
;
;
;
;
;
;
;
;
;
;
;
;
;
;
;
;
;
;
;
;
;
;
;
;
;
;
;
;
;
;
;
;
;
;
;
;
;
;
;
;
;
;
;
;
;
;
;
;
;
;
;
;
;
;
;
;
;
;
;
;
;
;
;
;
;
;
;
;
;
;
;
;
;
;
;
;
;
;
;
;
;
;
;
;
;
;
;
;
;
;
;
;
;
;
;
;
;
;
;
;
;
;
;
;
;
;
;
;
;
;
;
;
;
;
;
;
;
;
;
;
;
;
;
;
;
;
;
;
;
;
;
;
;
;
;
;
;
;
;
;
;
;
;
;
;
;
;
;
;
;
;
;
;
;
;
;
;
;
;
;
;
;
;
;
;
;
;
;
;
;
;
;
;
;
;
;
;
;
;
;
;
;
;
;
;
;
;
;
;
;
;
;
;